Customer_ID,Join_Date,Subscription_Type,Monthly_Revenue,Customer_Age,Country,Last_Login_Days_Ago,Support_Tickets,Discount_Applied,Email_Address
CUST-3457,2023-12-01,basic,124.83,75.0,,31.0,18,No,user_0@example.com
CUST-8231,2023-12-01,,392.49,39.0,Armenia,131.0,20,No,
CUST-3280,2023-12-01,enterprise,434.66,50.0,,283.0,5,Yes,user_2@example.com
CUST-3913,2023-12-01,enterprise,98.62,56.0,UK,114.0,0,Yes,user_3@example.com
CUST-1779,2023-12-01,basic,336.65,34.0,USA,227.0,1,No,user_4@example.com
CUST-9092,2023-12-01,premium,405.18,50.0,Armenia,182.0,1,No,user_5@example.com
CUST-4227,2023-12-01,basic,242.76,22.0,,35.0,12,Yes,user_6@example.com
CUST-9054,2023-12-01,enterprise,282.0,42.0,Armenia,293.0,5,Yes,user_7@example.com
CUST-6786,2023-12-01,,22.03,46.0,USA,185.0,5,Yes,
CUST-8686,2023-12-01,enterprise,304.41,59.0,UK,38.0,1,No,user_9@example.com
CUST-8235,2022-06-06,enterprise,274.32,21.0,USA,47.0,16,No,user_11@example.com
CUST-4220,2022-11-23,,498.23,68.0,UK,228.0,4,No,user_12@example.com
CUST-5274,2022-04-24,enterprise,80.35,53.0,USA,56.0,15,Yes,user_13@example.com
CUST-2884,2022-10-30,,199.79,28.0,UK,,1,Yes,user_14@example.com
CUST-5076,2022-10-31,enterprise,103.91,67.0,USA,,3,No,user_15@example.com
CUST-5132,2023-04-26,enterprise,354.6,45.0,UK,108.0,3,Yes,user_16@example.com
CUST-8543,2023-05-09,enterprise,261.14,75.0,UK,67.0,6,No,user_17@example.com
CUST-7578,2022-08-04,premium,400.11,72.0,,303.0,13,No,user_18@example.com
CUST-9334,2022-09-11,basic,61.82,39.0,UK,39.0,19,No,user_19@example.com
CUST-8261,2022-01-12,basic,123.09,47.0,,177.0,11,Yes,user_20@example.com
CUST-9067,2022-04-09,enterprise,299.3,72.0,Armenia,7.0,6,Yes,user_21@example.com
CUST-7009,2023-01-29,enterprise,430.24,19.0,Armenia,272.0,6,Yes,user_22@example.com
CUST-2040,2023-01-20,,305.6,59.0,Armenia,148.0,3,Yes,user_23@example.com
CUST-8192,2022-04-15,,338.14,35.0,USA,4.0,20,No,user_24@example.com
CUST-9663,2022-03-09,basic,331.31,36.0,Armenia,219.0,3,Yes,user_25@example.com
CUST-5522,2022-03-21,basic,181.17,50.0,,86.0,14,Yes,user_26@example.com
CUST-4283,2022-11-09,basic,406.95,39.0,Armenia,43.0,8,No,user_27@example.com
CUST-5308,2022-12-12,basic,205.36,55.0,Armenia,73.0,12,Yes,user_28@example.com
CUST-8208,2022-01-16,,100.97,47.0,UK,217.0,12,No,user_29@example.com
CUST-3959,2022-08-10,basic,261.2041955835962,47.0,USA,57.0,17,No,user_30@example.com
CUST-5038,2022-01-18,basic,260.69,37.0,Armenia,329.0,16,No,user_32@example.com
CUST-4646,2022-03-24,basic,355.96,29.0,USA,,14,No,
CUST-1965,2022-05-14,basic,296.65,27.0,,206.0,5,Yes,user_34@example.com
CUST-9295,2022-08-09,basic,259.81,47.0,USA,334.0,8,No,user_35@example.com
CUST-6531,2022-12-19,basic,463.01,25.0,UK,,1,No,
CUST-3835,2022-08-25,basic,288.28,52.0,USA,227.0,19,No,user_37@example.com
CUST-8051,2022-06-28,premium,170.97,60.0,USA,331.0,17,Yes,user_38@example.com
CUST-1429,2023-02-19,enterprise,260.14132492113566,61.0,UK,135.0,0,Yes,
CUST-7244,2022-09-16,enterprise,95.16,24.0,UK,95.0,15,Yes,user_40@example.com
CUST-8599,2022-04-14,premium,250.15,18.0,UK,167.0,20,Yes,user_41@example.com
CUST-1437,2023-04-15,enterprise,418.44,52.0,Armenia,126.0,11,No,user_42@example.com
CUST-7888,2023-03-17,enterprise,396.7,69.0,USA,24.0,7,Yes,user_43@example.com
CUST-6675,2023-02-22,,163.23,46.0,,,2,No,user_44@example.com
CUST-6620,2022-06-08,enterprise,65.14,23.0,USA,,1,Yes,user_45@example.com
CUST-1612,2023-05-11,enterprise,373.76,66.0,,261.0,6,Yes,user_46@example.com
CUST-6586,2022-10-09,enterprise,145.7,47.0,,136.0,16,Yes,user_47@example.com
CUST-1334,2022-04-09,enterprise,101.1,75.0,UK,281.0,20,Yes,user_48@example.com
CUST-9399,2023-04-02,premium,258.39269503546103,57.0,Armenia,292.0,5,Yes,user_49@example.com
ERROR_404,2023-02-06,enterprise,91.73,26.0,Armenia,351.0,14,Yes,
ERROR_404,2022-09-12,premium,489.46,47.0,USA,,15,No,user_51@example.com
ERROR_404,2023-01-14,enterprise,185.83,20.0,USA,,3,No,user_52@example.com
ERROR_404,2022-05-19,,221.27,61.0,USA,95.0,2,Yes,user_53@example.com
ERROR_404,2022-11-01,basic,261.2041955835962,72.0,USA,183.0,4,Yes,user_54@example.com
ERROR_404,2023-03-08,enterprise,101.01,20.0,UK,254.0,15,Yes,user_55@example.com
ERROR_404,2022-07-02,basic,421.89,27.0,UK,365.0,3,Yes,user_56@example.com
ERROR_404,2022-12-01,basic,313.59,56.0,,235.0,3,Yes,
ERROR_404,2022-05-08,enterprise,458.71,29.0,Armenia,237.0,8,Yes,user_58@example.com
ERROR_404,2022-03-03,enterprise,260.14132492113566,57.0,USA,327.0,4,Yes,
ERROR_404,2022-12-27,,157.81,62.0,Armenia,138.0,18,Yes,user_60@example.com
CUST-8967,2022-04-14,,276.69,24.0,UK,,3,Yes,user_61@example.com
CUST-6190,2023-02-27,premium,290.95,49.0,USA,106.0,20,Yes,user_62@example.com
CUST-5363,2022-09-22,basic,443.29,43.0,Armenia,,10,Yes,user_63@example.com
CUST-9407,2022-10-29,enterprise,311.61,47.0,USA,202.0,18,Yes,user_64@example.com
CUST-4180,2022-07-25,enterprise,449.08,45.0,UK,246.0,6,No,user_65@example.com
CUST-7297,2023-03-08,,342.89,47.0,,3.0,17,Yes,user_66@example.com
CUST-5284,2022-01-27,basic,219.85,47.0,USA,319.0,20,Yes,user_67@example.com
CUST-4596,2022-06-03,enterprise,263.77,32.0,UK,102.0,14,Yes,user_68@example.com
CUST-9121,2022-01-10,enterprise,269.74,37.0,USA,284.0,8,No,user_69@example.com
CUST-1811,2022-05-15,premium,258.39269503546103,47.0,,2.0,3,Yes,
CUST-5916,2023-04-20,basic,298.78,54.0,USA,301.0,11,Yes,user_71@example.com
CUST-6740,2022-01-02,,384.94,30.0,UK,257.0,3,No,user_72@example.com
CUST-7532,2022-11-29,basic,272.89,75.0,,311.0,15,No,user_73@example.com
CUST-1265,2023-02-06,basic,332.84,22.0,,106.0,16,Yes,user_74@example.com
CUST-9176,2023-04-03,enterprise,472.52,36.0,,155.0,10,Yes,user_75@example.com
CUST-5609,2023-01-06,basic,261.2041955835962,56.0,,14.0,20,Yes,user_76@example.com
CUST-7301,2023-01-09,premium,200.56,74.0,,118.0,16,Yes,user_77@example.com
CUST-1539,2022-02-09,basic,261.2041955835962,45.0,Armenia,2.0,7,No,user_78@example.com
CUST-2535,2022-10-28,,59.87,43.0,Armenia,38.0,7,Yes,user_79@example.com
CUST-3903,2022-06-10,premium,276.54,65.0,,137.0,6,Yes,user_80@example.com
CUST-1227,2022-12-30,,353.75,53.0,USA,242.0,2,Yes,user_81@example.com
CUST-7050,2022-04-17,premium,145.96,47.0,Armenia,105.0,13,No,user_82@example.com
CUST-4893,2022-04-21,basic,353.7,29.0,USA,269.0,9,Yes,user_83@example.com
CUST-8451,2022-11-06,,284.62,64.0,Armenia,196.0,6,Yes,user_84@example.com
CUST-1185,2022-12-26,basic,259.01,68.0,UK,173.0,11,Yes,user_85@example.com
CUST-7217,2022-07-11,basic,261.2041955835962,25.0,USA,11.0,5,Yes,user_86@example.com
CUST-1550,2022-03-28,basic,464.05,62.0,Armenia,340.0,19,Yes,user_87@example.com
CUST-4570,2022-03-12,enterprise,260.14132492113566,64.0,Armenia,214.0,3,Yes,user_88@example.com
CUST-9419,2023-01-31,basic,79.8,61.0,USA,152.0,3,No,user_89@example.com
CUST-7922,2022-08-05,premium,429.75,47.0,USA,,15,No,user_90@example.com
CUST-2669,2022-08-26,,131.56,31.0,USA,313.0,20,No,user_91@example.com
CUST-6268,2022-07-15,premium,374.6,19.0,,,3,Yes,user_92@example.com
CUST-3109,2023-01-10,premium,271.34,72.0,USA,162.0,4,No,user_93@example.com
CUST-1347,2022-06-23,enterprise,105.65,51.0,USA,66.0,3,Yes,user_94@example.com
CUST-3551,2022-03-19,enterprise,397.03,71.0,USA,,14,No,user_95@example.com
CUST-8763,2022-03-23,basic,261.2041955835962,33.0,,294.0,5,No,
CUST-5132,2022-10-17,basic,243.41,26.0,Armenia,157.0,18,No,user_97@example.com
CUST-2753,2022-05-30,enterprise,332.76,66.0,Armenia,235.0,7,No,user_98@example.com
CUST-6578,2022-01-22,basic,228.22,66.0,,121.0,8,Yes,user_99@example.com
CUST-3036,2022-10-02,enterprise,363.58,43.0,USA,119.0,15,No,user_100@example.com
CUST-6626,2022-12-06,premium,258.39269503546103,67.0,Armenia,165.0,19,No,user_101@example.com
CUST-1400,2023-01-22,enterprise,57.64,43.0,USA,,4,No,user_102@example.com
CUST-9292,2023-02-19,basic,158.95,33.0,UK,200.0,7,No,user_103@example.com
CUST-5991,2023-03-25,premium,45.91,35.0,UK,238.0,12,No,user_104@example.com
CUST-2735,2022-01-05,premium,444.63,59.0,Armenia,80.0,0,No,user_105@example.com
CUST-9557,2022-11-22,basic,100.9,63.0,UK,230.0,16,No,user_106@example.com
CUST-4157,2022-08-15,enterprise,260.14132492113566,53.0,,81.0,10,Yes,user_107@example.com
CUST-6784,2023-02-05,enterprise,429.7,34.0,USA,331.0,17,No,user_108@example.com
CUST-8359,2022-06-29,enterprise,461.42,22.0,USA,296.0,10,No,
CUST-5406,2022-10-20,basic,389.52,31.0,USA,180.0,7,Yes,user_110@example.com
CUST-6946,2023-01-10,premium,203.0,47.0,USA,365.0,20,Yes,user_111@example.com
CUST-3539,2022-05-30,premium,342.89,31.0,USA,79.0,13,No,user_112@example.com
CUST-3824,2022-02-21,enterprise,135.86,21.0,UK,180.0,15,No,user_113@example.com
CUST-4225,2022-01-28,basic,351.09,42.0,,132.0,20,Yes,user_114@example.com
CUST-4531,2022-05-10,basic,319.32,33.0,USA,154.0,4,No,user_115@example.com
CUST-5797,2022-06-04,,438.32,35.0,USA,320.0,3,Yes,user_116@example.com
CUST-7088,2022-09-20,basic,322.62,66.0,UK,213.0,13,Yes,user_117@example.com
CUST-4690,2022-12-31,enterprise,454.85,41.0,,290.0,19,No,user_118@example.com
CUST-6968,2022-04-30,enterprise,452.57,69.0,USA,325.0,16,Yes,user_119@example.com
CUST-2811,2022-10-24,basic,73.61,47.0,Armenia,155.0,12,Yes,user_120@example.com
CUST-3823,2022-01-31,enterprise,484.09,65.0,UK,329.0,11,Yes,user_121@example.com
CUST-3127,2022-12-25,premium,248.64,39.0,UK,199.0,16,No,user_122@example.com
CUST-4657,2022-08-29,basic,105.28,74.0,Armenia,328.0,0,No,user_123@example.com
CUST-7714,2023-01-13,,285.11,19.0,USA,325.0,19,Yes,user_124@example.com
CUST-8222,2022-11-06,premium,268.76,19.0,Armenia,85.0,8,Yes,user_125@example.com
CUST-6785,2022-01-23,,171.65,67.0,,88.0,19,Yes,user_126@example.com
CUST-3306,2022-03-06,enterprise,279.31,37.0,UK,179.0,7,Yes,user_127@example.com
CUST-6991,2022-07-01,premium,102.79,47.0,Armenia,33.0,20,No,
CUST-1547,2022-10-05,,226.57,68.0,USA,53.0,0,Yes,
CUST-7702,2023-03-03,,125.17,25.0,UK,90.0,6,Yes,
CUST-9388,2022-07-20,enterprise,136.27,43.0,UK,160.0,9,Yes,user_131@example.com
CUST-6980,2022-08-23,enterprise,368.19,29.0,USA,304.0,5,No,user_132@example.com
CUST-7596,2022-07-10,basic,277.91,36.0,USA,255.0,14,Yes,user_133@example.com
CUST-1323,2022-09-17,premium,28.28,71.0,USA,283.0,17,Yes,user_134@example.com
CUST-4336,2022-07-31,enterprise,367.52,57.0,USA,246.0,16,Yes,user_135@example.com
CUST-6745,2022-02-12,enterprise,260.14132492113566,43.0,Armenia,192.0,13,No,user_136@example.com
CUST-8699,2022-07-09,basic,476.07,18.0,Armenia,130.0,15,Yes,user_137@example.com
CUST-8749,2022-11-05,enterprise,127.76,47.0,Armenia,,15,Yes,user_138@example.com
CUST-5020,2022-05-04,,73.66,59.0,Armenia,33.0,14,Yes,user_139@example.com
CUST-7176,2022-10-18,enterprise,438.24,40.0,UK,47.0,15,Yes,user_140@example.com
CUST-6162,2022-01-12,basic,261.2041955835962,51.0,,148.0,15,Yes,user_141@example.com
CUST-8806,2022-06-05,basic,67.43,33.0,Armenia,24.0,14,No,user_142@example.com
CUST-6928,2022-03-01,,273.59,60.0,UK,31.0,0,Yes,
CUST-4759,2022-04-16,premium,285.92,40.0,,,4,No,user_144@example.com
CUST-8322,2022-07-07,basic,344.46,31.0,UK,332.0,10,No,user_145@example.com
CUST-4753,2022-04-06,premium,435.67,39.0,,64.0,3,No,user_146@example.com
CUST-2433,2022-08-06,premium,403.39,28.0,,143.0,3,No,user_147@example.com
CUST-5022,2023-02-16,premium,115.9,51.0,UK,123.0,13,Yes,user_148@example.com
CUST-2473,2023-03-22,enterprise,233.35,39.0,UK,11.0,13,Yes,
CUST-5228,2022-08-12,enterprise,183.4,59.0,USA,325.0,14,No,user_150@example.com
CUST-5138,2022-09-06,premium,396.38,38.0,UK,351.0,14,No,
CUST-7447,2023-01-17,basic,288.58,55.0,UK,282.0,20,No,user_152@example.com
CUST-1209,2022-09-19,,221.04,69.0,USA,187.0,4,Yes,user_153@example.com
CUST-9485,2023-02-15,basic,263.03,46.0,UK,11.0,4,No,user_154@example.com
CUST-3763,2022-10-12,basic,164.61,30.0,USA,195.0,6,No,user_155@example.com
CUST-3714,2022-09-15,enterprise,330.14,59.0,,,2,No,user_156@example.com
CUST-9040,2023-02-24,basic,30.66,46.0,Armenia,45.0,5,No,user_157@example.com
CUST-7336,2022-01-23,enterprise,260.14132492113566,43.0,Armenia,299.0,15,No,user_158@example.com
CUST-5147,2023-03-02,basic,422.31,34.0,Armenia,358.0,5,Yes,user_159@example.com
CUST-8819,2023-02-19,enterprise,52.04,64.0,UK,308.0,4,Yes,user_160@example.com
CUST-5667,2022-07-04,enterprise,276.11,28.0,UK,10.0,3,Yes,user_161@example.com
CUST-2527,2022-10-29,enterprise,165.54,53.0,UK,69.0,1,Yes,user_162@example.com
CUST-5680,2022-09-22,,258.05,18.0,,228.0,13,No,user_163@example.com
CUST-2699,2022-04-07,premium,473.91,64.0,UK,71.0,15,No,user_164@example.com
CUST-4543,2022-04-21,basic,453.43,50.0,USA,,11,No,user_165@example.com
CUST-3009,2022-06-21,,192.81,47.0,Armenia,188.0,1,Yes,
CUST-2797,2022-05-20,premium,115.8,22.0,Armenia,297.0,15,No,user_167@example.com
CUST-8672,2023-03-04,basic,259.65,51.0,Armenia,194.0,3,Yes,user_168@example.com
CUST-9789,2022-08-07,basic,467.36,24.0,USA,191.0,19,No,user_169@example.com
CUST-8566,2022-03-31,,481.53,32.0,UK,87.0,0,Yes,user_170@example.com
CUST-4797,2023-04-03,enterprise,465.82,26.0,USA,51.0,3,No,user_171@example.com
CUST-8003,2022-09-21,basic,382.75,59.0,USA,32.0,4,Yes,user_172@example.com
CUST-7686,2022-04-19,basic,45.23,42.0,USA,262.0,6,Yes,user_173@example.com
CUST-5406,2022-04-25,,36.69,23.0,USA,,1,Yes,user_174@example.com
CUST-8775,2022-01-11,basic,51.56,46.0,UK,236.0,2,No,
CUST-3378,2022-05-12,premium,483.54,50.0,USA,44.0,10,No,user_176@example.com
CUST-8058,2023-04-09,,50.15,36.0,USA,363.0,4,No,user_177@example.com
CUST-1528,2022-04-05,,318.24,72.0,,249.0,6,Yes,user_178@example.com
CUST-4385,2022-10-30,premium,134.45,66.0,USA,274.0,0,Yes,
CUST-1941,2023-02-20,enterprise,118.11,27.0,USA,,3,Yes,user_180@example.com
CUST-7892,2022-05-15,,173.86,62.0,Armenia,13.0,12,No,user_181@example.com
CUST-1085,2022-01-26,enterprise,59.75,37.0,Armenia,0.0,15,Yes,user_182@example.com
CUST-2078,2022-03-01,basic,349.28,47.0,USA,309.0,13,No,user_183@example.com
CUST-2108,2022-09-01,enterprise,260.14132492113566,65.0,UK,,18,Yes,user_184@example.com
CUST-6159,2023-01-05,,167.2,21.0,UK,207.0,14,No,user_185@example.com
CUST-1055,2022-05-15,enterprise,186.51,41.0,USA,55.0,14,No,user_186@example.com
CUST-9101,2022-12-28,enterprise,40.76,46.0,USA,266.0,18,Yes,user_187@example.com
CUST-2658,2022-02-01,basic,295.6,34.0,Armenia,284.0,1,Yes,user_188@example.com
CUST-1949,2023-01-23,enterprise,492.67,47.0,Armenia,238.0,13,No,user_189@example.com
CUST-5946,2022-02-11,enterprise,458.46,60.0,USA,104.0,16,Yes,user_190@example.com
CUST-8270,2023-05-16,enterprise,240.66,33.0,Armenia,259.0,12,No,
CUST-1546,2022-05-22,basic,261.2041955835962,19.0,UK,54.0,2,Yes,user_192@example.com
CUST-7383,2022-01-27,basic,177.67,55.0,UK,268.0,15,Yes,user_193@example.com
CUST-9112,2023-04-25,basic,372.57,61.0,UK,,9,No,user_194@example.com
CUST-6924,2022-12-17,basic,206.41,38.0,Armenia,272.0,11,Yes,user_195@example.com
CUST-8435,2022-11-06,,350.82,45.0,Armenia,,5,Yes,user_196@example.com
CUST-9592,2023-03-05,enterprise,438.15,28.0,,113.0,13,No,user_197@example.com
CUST-5863,2022-06-21,premium,258.39269503546103,46.0,UK,240.0,8,Yes,user_198@example.com
CUST-4987,2023-04-16,,22.58,37.0,UK,79.0,1,Yes,user_200@example.com
CUST-6160,2023-04-16,premium,30.73,39.0,,342.0,3,No,user_201@example.com
CUST-6529,2022-08-30,basic,429.83,34.0,USA,221.0,16,Yes,user_202@example.com
CUST-4265,2022-12-02,,52.01,63.0,Armenia,,6,No,user_203@example.com
CUST-4688,2023-03-12,enterprise,131.46,53.0,Armenia,214.0,3,No,user_204@example.com
CUST-1399,2023-05-14,enterprise,203.18,72.0,USA,46.0,16,No,
CUST-9531,2023-02-17,enterprise,86.36,60.0,,,13,No,
CUST-5009,2022-01-21,enterprise,140.12,42.0,UK,334.0,2,Yes,user_207@example.com
CUST-2284,2022-11-09,premium,258.39269503546103,35.0,Armenia,260.0,5,No,user_208@example.com
CUST-8200,2022-01-22,basic,488.75,18.0,Armenia,23.0,17,Yes,user_209@example.com
CUST-5409,2022-08-26,enterprise,260.14132492113566,42.0,,346.0,7,No,user_210@example.com
CUST-1618,2022-05-08,,465.25,72.0,USA,,20,No,user_211@example.com
CUST-4372,2023-01-15,,124.38,47.0,USA,229.0,12,Yes,user_212@example.com
CUST-8157,2022-12-06,enterprise,260.14132492113566,21.0,USA,120.0,14,Yes,user_213@example.com
CUST-1175,2022-05-20,premium,438.89,71.0,USA,334.0,18,No,user_214@example.com
CUST-5366,2023-05-06,enterprise,495.03,42.0,,302.0,18,Yes,user_215@example.com
CUST-2046,2022-11-17,basic,219.37,31.0,,363.0,11,Yes,user_216@example.com
CUST-7805,2022-08-17,basic,33.57,60.0,USA,142.0,19,No,user_217@example.com
CUST-5894,2022-05-06,premium,258.39269503546103,56.0,UK,322.0,1,No,user_218@example.com
CUST-2613,2022-11-25,,110.02,47.0,UK,259.0,1,No,
CUST-5834,2022-08-04,premium,156.57,63.0,USA,175.0,15,No,user_220@example.com
CUST-4026,2022-08-19,enterprise,369.0,70.0,UK,168.0,13,No,user_221@example.com
CUST-3879,2023-03-18,enterprise,192.54,34.0,,310.0,15,Yes,user_222@example.com
CUST-8312,2022-07-06,basic,176.58,46.0,USA,207.0,16,No,user_223@example.com
CUST-8396,2022-02-24,enterprise,355.3,72.0,UK,,20,No,user_224@example.com
CUST-8470,2022-02-18,enterprise,159.82,58.0,USA,117.0,8,No,user_225@example.com
CUST-2535,2022-12-15,,266.32,35.0,USA,340.0,19,Yes,user_226@example.com
CUST-2447,2023-04-27,,470.78,33.0,UK,185.0,14,Yes,user_227@example.com
CUST-6906,2022-09-08,,257.28,33.0,USA,180.0,15,Yes,user_228@example.com
CUST-1082,2022-12-01,enterprise,78.63,48.0,UK,240.0,18,No,user_229@example.com
CUST-8043,2022-11-02,,142.42,39.0,Armenia,310.0,1,Yes,user_230@example.com
CUST-6183,2023-05-14,,373.48,47.0,USA,191.0,20,No,user_231@example.com
CUST-9803,2023-01-10,basic,85.87,49.0,UK,239.0,19,No,user_232@example.com
CUST-8057,2022-08-05,enterprise,15.39,40.0,UK,191.0,8,Yes,user_233@example.com
CUST-9670,2022-12-23,basic,326.67,35.0,UK,231.0,6,No,user_234@example.com
CUST-1967,2022-06-30,enterprise,417.54,46.0,USA,99.0,4,No,user_235@example.com
CUST-6581,2023-02-25,enterprise,360.98,60.0,USA,3.0,20,Yes,user_236@example.com
CUST-2320,2022-02-08,basic,285.82,70.0,USA,119.0,17,No,
CUST-5459,2023-01-16,enterprise,281.45,40.0,UK,233.0,18,Yes,user_238@example.com
CUST-8686,2023-02-13,enterprise,221.35,47.0,Armenia,51.0,5,No,user_239@example.com
CUST-3833,2022-01-20,,70.48,47.0,Armenia,57.0,14,No,user_240@example.com
CUST-8687,2022-09-29,premium,307.73,36.0,USA,38.0,16,Yes,
CUST-7055,2022-02-18,basic,21.82,75.0,USA,2.0,14,No,user_242@example.com
CUST-9839,2022-10-31,basic,93.56,31.0,UK,212.0,9,No,user_243@example.com
CUST-1696,2022-08-06,premium,258.39269503546103,52.0,UK,32.0,7,Yes,user_244@example.com
CUST-9912,2022-12-04,enterprise,370.11,47.0,UK,324.0,9,No,user_245@example.com
CUST-3185,2022-10-03,basic,10.48,47.0,USA,74.0,15,Yes,user_246@example.com
CUST-6972,2023-01-31,premium,433.32,47.0,USA,145.0,15,Yes,user_247@example.com
CUST-4313,2022-03-11,basic,131.39,74.0,USA,232.0,9,Yes,user_248@example.com
CUST-9415,2022-03-27,enterprise,52.75,54.0,USA,83.0,20,No,user_249@example.com
CUST-9415,2022-02-01,basic,179.5,54.0,,143.0,1,Yes,
CUST-6805,2022-09-28,premium,465.23,63.0,USA,222.0,15,Yes,user_251@example.com
CUST-3706,2022-01-12,basic,370.05,60.0,USA,67.0,13,Yes,user_252@example.com
CUST-3796,2022-08-01,basic,119.02,55.0,,23.0,13,Yes,
CUST-1739,2022-09-08,basic,246.25,61.0,USA,,17,Yes,user_254@example.com
CUST-9775,2022-09-22,,15.83,63.0,Armenia,40.0,9,Yes,user_255@example.com
CUST-2699,2022-08-03,basic,254.44,26.0,,238.0,7,No,user_256@example.com
CUST-6197,2022-02-01,basic,137.51,43.0,UK,209.0,20,Yes,user_257@example.com
CUST-1161,2022-11-21,basic,455.41,66.0,USA,111.0,2,Yes,user_258@example.com
CUST-2369,2022-06-04,basic,272.89,47.0,Armenia,85.0,16,No,user_259@example.com
CUST-4221,2023-04-19,premium,258.39269503546103,60.0,,69.0,6,No,user_260@example.com
CUST-8817,2022-01-05,,138.42,60.0,UK,313.0,0,No,user_261@example.com
CUST-9023,2022-06-10,enterprise,219.69,47.0,USA,158.0,16,No,user_262@example.com
CUST-4836,2022-12-16,premium,228.13,42.0,UK,89.0,19,No,user_263@example.com
CUST-3374,2022-04-25,enterprise,259.42,47.0,UK,222.0,0,Yes,user_264@example.com
CUST-6255,2023-01-13,enterprise,498.1,27.0,USA,132.0,19,Yes,user_265@example.com
CUST-8570,2023-03-07,enterprise,135.16,56.0,Armenia,115.0,7,Yes,user_266@example.com
CUST-6228,2022-01-31,basic,345.84,41.0,UK,232.0,14,Yes,user_267@example.com
CUST-8163,2023-05-15,enterprise,304.66,47.0,Armenia,184.0,12,Yes,user_268@example.com
CUST-5841,2023-02-18,premium,291.26,23.0,USA,77.0,19,Yes,user_269@example.com
CUST-6673,2022-07-11,basic,221.23,22.0,USA,,13,No,
CUST-1256,2022-12-11,,301.61,37.0,UK,356.0,6,No,user_271@example.com
CUST-1514,2022-04-06,enterprise,455.16,26.0,USA,80.0,15,No,user_272@example.com
CUST-8365,2022-04-02,basic,153.47,63.0,Armenia,228.0,8,Yes,user_273@example.com
CUST-5411,2023-01-14,enterprise,485.15,56.0,USA,198.0,3,No,user_274@example.com
CUST-8515,2022-05-02,,425.02,47.0,USA,235.0,19,No,user_275@example.com
CUST-2518,2022-01-23,basic,310.46,70.0,Armenia,123.0,17,No,user_276@example.com
CUST-3804,2022-02-01,enterprise,260.14132492113566,59.0,USA,27.0,17,No,user_277@example.com
CUST-6900,2022-01-29,enterprise,240.59,26.0,Armenia,63.0,2,No,user_278@example.com
CUST-3066,2022-01-25,,87.1,67.0,,104.0,12,No,user_279@example.com
CUST-2936,2023-03-21,enterprise,459.31,46.0,Armenia,344.0,0,No,user_280@example.com
CUST-6939,2022-07-05,,485.42,35.0,USA,314.0,2,Yes,user_281@example.com
CUST-4238,2023-05-05,enterprise,129.77,64.0,UK,139.0,11,No,user_282@example.com
CUST-2657,2022-04-23,,231.25,71.0,,68.0,8,Yes,user_283@example.com
CUST-6018,2023-01-24,basic,466.08,72.0,USA,252.0,0,No,
CUST-5911,2022-09-02,enterprise,317.28,55.0,UK,184.0,11,Yes,user_285@example.com
CUST-4601,2023-04-30,premium,192.57,19.0,Armenia,174.0,10,Yes,user_286@example.com
CUST-9006,2022-03-15,premium,455.52,48.0,UK,321.0,9,Yes,
CUST-3657,2022-09-18,basic,241.87,30.0,,52.0,8,No,user_288@example.com
CUST-1751,2022-03-09,basic,440.59,39.0,Armenia,145.0,16,Yes,user_289@example.com
CUST-9536,2022-01-02,basic,405.06,59.0,UK,,13,No,user_291@example.com
CUST-2062,2022-09-26,basic,495.14,38.0,USA,220.0,15,No,user_292@example.com
CUST-8263,2022-01-26,basic,355.26,46.0,UK,,14,No,user_293@example.com
CUST-5012,2023-01-08,premium,302.11,54.0,Armenia,79.0,1,Yes,user_294@example.com
CUST-8732,2023-01-21,enterprise,199.6,63.0,USA,,10,No,user_295@example.com
CUST-6853,2022-12-26,premium,175.78,28.0,USA,187.0,0,Yes,user_296@example.com
CUST-2077,2022-03-28,premium,113.82,47.0,Armenia,195.0,3,Yes,user_297@example.com
CUST-3162,2022-10-27,enterprise,317.94,47.0,UK,,17,No,user_298@example.com
CUST-7535,2022-03-14,basic,161.45,72.0,Armenia,141.0,9,No,user_299@example.com
CUST-7901,2022-10-30,enterprise,260.13,36.0,,101.0,2,No,user_300@example.com
CUST-3068,2022-01-10,enterprise,200.87,22.0,Armenia,171.0,1,Yes,user_301@example.com
CUST-3067,2022-10-30,basic,40.28,19.0,,184.0,2,Yes,user_302@example.com
CUST-1981,2022-02-19,basic,230.03,52.0,Armenia,128.0,15,Yes,user_303@example.com
CUST-6823,2022-10-28,enterprise,369.09,75.0,USA,258.0,16,No,user_304@example.com
CUST-9976,2022-04-08,basic,61.66,22.0,Armenia,111.0,20,No,user_305@example.com
CUST-2079,2022-05-11,enterprise,78.09,45.0,USA,133.0,1,No,user_307@example.com
CUST-4633,2022-05-25,basic,391.82,63.0,USA,,13,No,user_308@example.com
CUST-5051,2022-11-15,basic,261.2041955835962,28.0,Armenia,358.0,20,Yes,user_309@example.com
CUST-9358,2022-04-08,basic,424.58,60.0,USA,344.0,15,Yes,user_310@example.com
CUST-7782,2022-02-21,basic,472.23,23.0,UK,170.0,1,Yes,
CUST-1974,2022-06-13,,139.02,67.0,UK,356.0,0,No,user_312@example.com
CUST-7997,2022-12-09,,355.12,61.0,USA,128.0,4,No,
CUST-6473,2022-11-13,basic,454.41,61.0,USA,49.0,19,Yes,user_314@example.com
CUST-3488,2022-01-22,enterprise,465.31,53.0,USA,285.0,1,Yes,user_315@example.com
CUST-1305,2023-05-04,basic,243.33,47.0,USA,211.0,0,Yes,user_316@example.com
CUST-5404,2023-02-15,premium,460.88,70.0,UK,,4,No,user_317@example.com
CUST-7303,2023-01-23,basic,388.92,74.0,USA,87.0,0,No,user_318@example.com
CUST-5231,2022-12-21,enterprise,58.2,41.0,UK,64.0,12,No,user_319@example.com
CUST-8211,2023-02-26,enterprise,60.68,69.0,USA,69.0,8,No,user_320@example.com
CUST-4238,2023-01-24,enterprise,260.14132492113566,50.0,USA,,20,No,user_321@example.com
CUST-2969,2022-03-26,enterprise,121.65,57.0,USA,,5,No,user_322@example.com
CUST-8133,2023-02-09,premium,278.08,54.0,USA,228.0,6,No,user_323@example.com
CUST-6694,2022-08-14,premium,351.78,47.0,USA,,16,No,user_324@example.com
CUST-2994,2022-06-06,enterprise,352.5,49.0,Armenia,150.0,7,No,user_325@example.com
CUST-5745,2022-09-07,basic,145.44,36.0,USA,146.0,19,Yes,user_326@example.com
CUST-3630,2022-10-31,premium,422.61,41.0,USA,319.0,1,Yes,user_327@example.com
CUST-9956,2022-05-04,enterprise,29.26,55.0,UK,16.0,9,No,user_328@example.com
CUST-3880,2022-03-23,basic,465.52,27.0,USA,276.0,5,Yes,user_329@example.com
CUST-9722,2023-01-08,,336.89,62.0,USA,57.0,4,Yes,user_330@example.com
CUST-7507,2022-03-04,,104.67,75.0,UK,283.0,4,No,user_331@example.com
CUST-1020,2022-08-14,enterprise,185.88,47.0,UK,296.0,9,Yes,user_332@example.com
CUST-7901,2022-10-09,enterprise,260.14132492113566,60.0,USA,17.0,3,Yes,user_333@example.com
CUST-7588,2023-01-07,premium,381.69,57.0,USA,201.0,11,No,user_334@example.com
CUST-5431,2023-04-22,enterprise,496.71,42.0,USA,224.0,8,No,user_335@example.com
CUST-2127,2022-03-06,basic,216.3,27.0,USA,362.0,10,Yes,user_336@example.com
CUST-3700,2022-12-11,enterprise,318.93,47.0,UK,73.0,18,No,user_337@example.com
CUST-8062,2022-12-17,enterprise,54.04,57.0,Armenia,72.0,12,Yes,user_338@example.com
CUST-3873,2022-10-23,enterprise,293.17,33.0,USA,166.0,0,Yes,user_339@example.com
CUST-7853,2023-02-01,premium,362.36,71.0,UK,73.0,4,Yes,user_340@example.com
CUST-6596,2022-05-16,basic,467.35,75.0,Armenia,130.0,13,No,user_341@example.com
CUST-3155,2022-06-08,enterprise,324.89,47.0,Armenia,181.0,4,Yes,user_342@example.com
CUST-6359,2023-01-17,premium,279.87,61.0,UK,362.0,11,No,user_343@example.com
CUST-5256,2023-04-10,enterprise,260.14132492113566,32.0,USA,20.0,14,No,user_344@example.com
CUST-7996,2022-05-28,basic,245.78,57.0,UK,311.0,11,Yes,
CUST-8702,2022-10-24,premium,261.19,22.0,USA,365.0,2,Yes,user_346@example.com
CUST-2781,2022-08-16,premium,210.03,41.0,Armenia,186.0,6,Yes,user_347@example.com
CUST-1329,2022-07-09,enterprise,252.75,63.0,USA,307.0,17,No,user_348@example.com
CUST-2610,2022-05-16,enterprise,83.91,31.0,,95.0,16,Yes,user_349@example.com
CUST-9961,2022-12-20,enterprise,354.54,45.0,USA,30.0,20,No,
CUST-3765,2022-07-06,basic,261.2041955835962,25.0,,215.0,6,Yes,user_352@example.com
CUST-9997,2023-01-12,basic,10.51,32.0,Armenia,224.0,19,No,user_353@example.com
CUST-9330,2023-03-29,premium,452.28,39.0,USA,88.0,14,No,user_354@example.com
CUST-5426,2023-02-22,enterprise,21.4,70.0,Armenia,137.0,10,Yes,
CUST-6830,2023-01-09,basic,407.53,38.0,USA,,0,No,user_356@example.com
CUST-5548,2023-04-04,basic,243.85,73.0,USA,342.0,5,Yes,user_357@example.com
CUST-9706,2022-03-08,basic,385.74,30.0,UK,236.0,16,Yes,user_358@example.com
CUST-7537,2023-03-06,basic,359.48,25.0,,193.0,18,No,user_359@example.com
CUST-8105,2022-12-20,basic,439.76,47.0,,111.0,19,Yes,user_360@example.com
CUST-2349,2023-03-09,enterprise,106.63,46.0,Armenia,361.0,8,Yes,user_361@example.com
CUST-2456,2022-07-28,premium,205.55,48.0,Armenia,141.0,20,Yes,user_362@example.com
CUST-3713,2022-04-04,premium,348.41,20.0,USA,309.0,7,No,user_363@example.com
CUST-8036,2022-06-29,enterprise,439.74,35.0,UK,,1,No,user_364@example.com
CUST-9843,2022-10-15,,321.28,50.0,,204.0,1,No,user_365@example.com
CUST-5896,2022-10-23,,34.01,38.0,USA,69.0,7,Yes,user_366@example.com
CUST-9193,2023-03-03,enterprise,467.86,36.0,UK,335.0,8,Yes,user_367@example.com
CUST-9513,2023-04-09,basic,307.84,20.0,UK,0.0,7,No,user_368@example.com
CUST-4209,2022-11-29,basic,150.05,65.0,UK,250.0,5,Yes,user_369@example.com
CUST-1699,2023-05-06,,403.8,37.0,USA,,12,Yes,user_370@example.com
CUST-1795,2023-02-02,enterprise,260.14132492113566,74.0,USA,194.0,5,No,user_371@example.com
CUST-6539,2022-05-27,enterprise,299.93,68.0,USA,236.0,10,No,user_372@example.com
CUST-7836,2022-10-01,enterprise,208.75,32.0,,163.0,14,Yes,
CUST-9051,2022-04-26,premium,210.16,43.0,UK,313.0,14,No,user_374@example.com
CUST-8872,2022-12-30,,338.61,54.0,UK,293.0,14,No,user_375@example.com
CUST-9687,2022-10-21,enterprise,232.0,64.0,USA,22.0,17,Yes,user_376@example.com
CUST-5440,2022-08-24,premium,174.37,37.0,USA,296.0,1,Yes,user_377@example.com
CUST-4068,2022-10-04,,224.67,47.0,USA,152.0,16,No,user_378@example.com
CUST-1689,2022-06-19,enterprise,151.43,44.0,USA,322.0,8,Yes,user_379@example.com
CUST-5753,2022-04-14,basic,374.35,45.0,USA,365.0,6,Yes,user_380@example.com
CUST-4230,2022-02-28,premium,241.06,54.0,USA,276.0,11,Yes,user_381@example.com
CUST-2808,2022-07-13,premium,26.44,53.0,Armenia,364.0,17,Yes,user_382@example.com
CUST-6480,2022-02-14,enterprise,479.28,58.0,USA,256.0,19,No,user_383@example.com
CUST-9508,2022-03-26,basic,363.38,49.0,UK,245.0,10,Yes,user_384@example.com
CUST-4107,2023-03-05,,171.91,63.0,USA,213.0,19,Yes,
CUST-8375,2022-05-11,premium,247.66,48.0,USA,157.0,8,No,user_386@example.com
CUST-9154,2023-05-13,,367.29,30.0,UK,43.0,12,Yes,user_387@example.com
CUST-8754,2023-03-11,enterprise,317.83,37.0,USA,130.0,5,No,user_389@example.com
CUST-8354,2023-02-13,premium,258.39269503546103,30.0,,94.0,4,Yes,user_390@example.com
CUST-1257,2022-04-01,,221.33,47.0,USA,11.0,19,Yes,user_391@example.com
CUST-8191,2022-05-02,basic,185.97,35.0,UK,339.0,4,Yes,user_392@example.com
CUST-3224,2022-01-21,basic,492.14,54.0,,,1,No,user_393@example.com
CUST-7605,2022-09-28,basic,251.35,32.0,USA,223.0,2,No,user_394@example.com
CUST-7139,2023-02-20,premium,450.89,52.0,Armenia,,10,Yes,user_395@example.com
CUST-3589,2023-05-09,enterprise,71.6,62.0,UK,112.0,14,Yes,user_396@example.com
CUST-3419,2022-01-03,enterprise,247.27,47.0,Armenia,5.0,20,No,user_397@example.com
CUST-3969,2022-08-28,enterprise,260.14132492113566,43.0,Armenia,91.0,3,Yes,user_398@example.com
CUST-5740,2022-05-06,,187.18,47.0,UK,102.0,14,Yes,
CUST-7622,2023-03-16,premium,115.11,57.0,Armenia,235.0,2,Yes,user_400@example.com
CUST-5146,2022-11-05,,469.63,32.0,UK,350.0,12,Yes,
CUST-9812,2022-06-26,,222.29,47.0,Armenia,156.0,3,No,user_402@example.com
CUST-7631,2023-03-15,basic,214.68,47.0,UK,,4,Yes,user_403@example.com
CUST-4017,2022-01-07,,439.4,25.0,UK,263.0,17,Yes,user_404@example.com
CUST-3927,2022-12-17,enterprise,407.15,59.0,USA,21.0,20,Yes,user_405@example.com
CUST-9609,2022-12-19,enterprise,261.67,48.0,USA,53.0,0,No,user_406@example.com
CUST-4416,2023-03-25,enterprise,141.92,51.0,Armenia,253.0,16,No,user_407@example.com
CUST-4433,2022-01-08,,42.04,49.0,USA,,7,No,
CUST-2099,2022-04-08,premium,454.75,47.0,Armenia,209.0,15,No,user_409@example.com
CUST-2878,2022-03-31,basic,71.5,31.0,UK,178.0,5,No,user_410@example.com
CUST-5180,2022-01-07,enterprise,63.3,56.0,USA,87.0,7,Yes,user_411@example.com
CUST-7591,2022-08-03,enterprise,369.89,51.0,UK,49.0,3,No,
CUST-4320,2022-11-26,premium,258.39269503546103,54.0,USA,24.0,6,No,user_413@example.com
CUST-9253,2022-02-15,enterprise,38.8,36.0,Armenia,184.0,17,No,user_414@example.com
CUST-6719,2022-10-02,enterprise,182.12,64.0,USA,53.0,2,No,user_415@example.com
CUST-9346,2022-09-24,enterprise,370.28,47.0,Armenia,203.0,4,No,user_416@example.com
CUST-3036,2022-03-15,basic,13.15,56.0,Armenia,242.0,9,Yes,user_417@example.com
CUST-3397,2022-06-04,,229.4,23.0,Armenia,323.0,11,No,user_418@example.com
CUST-4101,2022-08-15,enterprise,193.55,42.0,,84.0,13,No,user_419@example.com
CUST-2598,2022-10-03,basic,292.01,68.0,Armenia,116.0,15,Yes,user_420@example.com
CUST-2826,2022-01-15,,32.99,56.0,USA,365.0,6,Yes,user_421@example.com
CUST-8357,2022-12-20,basic,428.54,29.0,,98.0,3,Yes,user_422@example.com
CUST-7523,2022-05-28,enterprise,260.14132492113566,45.0,UK,279.0,7,Yes,user_423@example.com
CUST-5430,2023-02-14,basic,319.85,47.0,USA,99.0,2,No,user_424@example.com
CUST-2431,2023-04-10,basic,261.2041955835962,34.0,UK,305.0,10,No,
CUST-3331,2022-05-07,enterprise,207.69,70.0,USA,21.0,7,No,user_426@example.com
CUST-1834,2022-08-31,basic,214.17,47.0,USA,21.0,9,No,user_427@example.com
CUST-8096,2022-03-18,enterprise,260.14132492113566,63.0,UK,219.0,12,No,user_428@example.com
CUST-3047,2022-12-28,basic,370.83,42.0,USA,,19,Yes,user_429@example.com
CUST-2073,2022-01-03,,450.47,66.0,USA,176.0,18,Yes,user_430@example.com
CUST-4864,2022-08-24,basic,242.59,75.0,UK,332.0,18,Yes,user_431@example.com
CUST-1607,2023-05-02,,89.23,74.0,UK,348.0,19,No,user_432@example.com
CUST-9049,2022-08-13,basic,388.27,27.0,UK,,13,No,user_433@example.com
CUST-6348,2023-04-08,enterprise,199.68,65.0,UK,143.0,3,No,user_434@example.com
CUST-9595,2023-03-30,enterprise,436.54,74.0,,142.0,5,No,user_435@example.com
CUST-1807,2022-03-09,enterprise,439.75,32.0,,,10,No,user_436@example.com
CUST-5682,2022-09-17,basic,210.4,62.0,Armenia,111.0,5,Yes,user_437@example.com
CUST-7076,2022-06-21,basic,30.71,47.0,USA,112.0,9,Yes,user_438@example.com
CUST-3369,2023-02-15,premium,235.14,28.0,UK,331.0,20,Yes,user_439@example.com
CUST-7549,2022-02-15,basic,154.28,47.0,Armenia,221.0,11,Yes,user_440@example.com
CUST-9910,2023-04-15,basic,254.05,35.0,UK,340.0,0,No,user_441@example.com
CUST-3293,2022-04-16,basic,261.2041955835962,56.0,,,3,No,user_442@example.com
CUST-2588,2022-06-10,,231.74,27.0,USA,165.0,9,Yes,user_443@example.com
CUST-9750,2022-06-09,,442.75,47.0,UK,335.0,15,No,user_444@example.com
CUST-5314,2022-06-05,,279.57,23.0,UK,348.0,1,No,user_445@example.com
CUST-1054,2022-08-10,basic,98.95,65.0,Armenia,326.0,10,Yes,user_446@example.com
CUST-9485,2022-09-30,premium,496.62,47.0,,34.0,12,No,user_447@example.com
CUST-7540,2023-04-18,,237.83,31.0,USA,47.0,2,Yes,user_448@example.com
CUST-7678,2023-05-14,premium,52.1,24.0,USA,14.0,14,Yes,user_449@example.com
CUST-3448,2022-06-16,basic,313.78,47.0,UK,290.0,16,Yes,user_450@example.com
CUST-8263,2022-08-04,enterprise,260.14132492113566,33.0,USA,251.0,18,No,user_451@example.com
CUST-8962,2023-04-13,basic,477.86,58.0,Armenia,254.0,4,Yes,user_452@example.com
CUST-5837,2022-10-05,enterprise,249.32,62.0,UK,180.0,1,Yes,user_453@example.com
CUST-3134,2022-01-16,basic,49.73,28.0,UK,262.0,3,Yes,user_454@example.com
CUST-3085,2023-04-03,basic,248.51,50.0,USA,222.0,4,Yes,user_455@example.com
CUST-9244,2023-01-22,enterprise,150.53,25.0,Armenia,234.0,10,Yes,user_456@example.com
CUST-6487,2022-05-23,basic,261.2041955835962,31.0,USA,332.0,10,Yes,
CUST-1222,2022-02-21,enterprise,129.56,52.0,UK,68.0,10,No,user_459@example.com
CUST-6625,2022-11-04,,48.0,32.0,UK,24.0,0,No,user_460@example.com
CUST-1717,2022-04-19,basic,339.77,63.0,Armenia,342.0,5,No,user_461@example.com
CUST-2863,2022-06-04,,470.66,21.0,UK,127.0,10,Yes,user_462@example.com
CUST-5833,2022-03-09,basic,160.8,47.0,USA,364.0,13,No,user_463@example.com
CUST-8120,2022-08-11,,57.26,47.0,UK,156.0,14,Yes,user_464@example.com
CUST-7346,2023-04-07,basic,225.27,18.0,UK,298.0,0,No,
CUST-5638,2023-03-27,enterprise,325.35,49.0,UK,31.0,19,No,user_466@example.com
CUST-4016,2023-03-18,enterprise,260.14132492113566,47.0,USA,,16,Yes,user_467@example.com
CUST-7816,2022-07-14,premium,146.55,72.0,Armenia,,17,Yes,user_468@example.com
CUST-7605,2022-04-24,,415.5,57.0,USA,34.0,2,No,user_469@example.com
CUST-9099,2022-01-04,basic,365.86,24.0,UK,152.0,7,Yes,user_470@example.com
CUST-3461,2022-04-10,enterprise,139.3,21.0,USA,296.0,2,No,
CUST-9769,2022-04-06,basic,308.22,47.0,USA,231.0,4,No,
CUST-3952,2023-03-16,basic,169.16,74.0,UK,217.0,13,Yes,user_473@example.com
CUST-3662,2022-04-19,enterprise,297.37,70.0,USA,,13,Yes,user_474@example.com
CUST-6213,2023-02-07,basic,261.2041955835962,31.0,Armenia,,13,No,user_475@example.com
CUST-9802,2022-05-29,,352.83,74.0,Armenia,251.0,3,Yes,user_476@example.com
CUST-6074,2023-03-29,premium,379.37,69.0,Armenia,,2,Yes,
CUST-7866,2023-02-06,basic,67.14,73.0,Armenia,,5,Yes,user_478@example.com
CUST-2725,2023-04-27,basic,305.26,68.0,UK,,3,No,user_479@example.com
CUST-6921,2022-05-27,enterprise,422.84,35.0,USA,46.0,9,Yes,user_480@example.com
CUST-6627,2022-09-05,,122.73,24.0,Armenia,337.0,14,Yes,user_481@example.com
CUST-9773,2023-04-15,,183.38,24.0,Armenia,199.0,17,Yes,user_482@example.com
CUST-5119,2022-11-01,basic,261.2041955835962,71.0,Armenia,358.0,2,No,user_483@example.com
CUST-4019,2022-03-18,enterprise,364.87,63.0,,365.0,14,Yes,user_484@example.com
CUST-7683,2022-01-17,enterprise,236.29,47.0,UK,139.0,15,Yes,user_486@example.com
CUST-6300,2022-08-20,basic,361.47,54.0,Armenia,83.0,19,No,user_487@example.com
CUST-6168,2022-04-09,,370.23,50.0,UK,113.0,2,No,user_488@example.com
CUST-7950,2022-08-21,enterprise,255.2,20.0,Armenia,215.0,11,No,user_489@example.com
CUST-1580,2022-12-26,enterprise,204.57,25.0,USA,105.0,15,No,user_490@example.com
CUST-3119,2023-05-08,basic,261.2041955835962,47.0,,,8,No,user_491@example.com
CUST-5504,2022-03-27,premium,102.86,73.0,,200.0,9,No,
CUST-4568,2022-04-28,enterprise,223.32,39.0,Armenia,25.0,11,No,user_493@example.com
CUST-3157,2022-04-18,enterprise,306.81,52.0,UK,247.0,16,Yes,
CUST-5217,2022-11-23,enterprise,72.25,63.0,UK,204.0,18,No,user_495@example.com
CUST-3195,2022-03-17,basic,444.66,61.0,UK,193.0,3,Yes,user_496@example.com
CUST-8768,2023-02-24,basic,261.2041955835962,20.0,Armenia,146.0,11,No,user_497@example.com
CUST-5006,2023-03-05,basic,183.89,68.0,USA,175.0,13,Yes,user_498@example.com
CUST-5786,2023-04-10,premium,260.33,49.0,,22.0,6,Yes,user_499@example.com
CUST-5161,2023-04-06,enterprise,135.35,34.0,USA,30.0,14,No,user_500@example.com
CUST-7863,2023-01-13,enterprise,258.9,51.0,UK,75.0,13,Yes,user_501@example.com
CUST-9364,2023-03-29,basic,417.9,70.0,Armenia,114.0,16,No,user_502@example.com
CUST-7319,2023-05-12,enterprise,489.16,47.0,USA,32.0,15,No,user_503@example.com
CUST-4672,2022-02-05,premium,199.68,65.0,,139.0,19,No,user_504@example.com
CUST-5259,2022-05-26,basic,314.67,67.0,UK,242.0,5,Yes,user_505@example.com
CUST-4493,2022-07-08,,421.54,55.0,USA,,1,No,user_506@example.com
CUST-3960,2022-05-26,basic,88.29,75.0,Armenia,57.0,12,No,user_507@example.com
CUST-6685,2022-01-25,enterprise,483.44,47.0,Armenia,54.0,12,Yes,user_508@example.com
CUST-6807,2022-09-14,,182.61,23.0,UK,229.0,15,No,user_509@example.com
CUST-6918,2023-04-01,premium,379.69,41.0,Armenia,245.0,5,No,user_510@example.com
CUST-2759,2022-06-28,basic,210.33,60.0,Armenia,193.0,14,No,user_511@example.com
CUST-1829,2023-03-09,enterprise,136.58,30.0,USA,173.0,20,Yes,
CUST-9789,2023-02-17,premium,99.24,69.0,USA,6.0,16,Yes,user_513@example.com
CUST-6330,2023-01-14,premium,303.45,75.0,USA,12.0,17,No,user_514@example.com
CUST-9417,2023-03-11,basic,50.1,59.0,USA,,11,Yes,user_515@example.com
CUST-2778,2023-03-17,premium,279.91,26.0,USA,111.0,11,No,user_516@example.com
CUST-4090,2022-07-28,premium,46.87,28.0,USA,319.0,6,No,user_517@example.com
CUST-8391,2022-02-25,premium,476.0,56.0,UK,142.0,6,Yes,
CUST-1664,2022-03-16,enterprise,45.92,67.0,UK,108.0,20,Yes,user_519@example.com
CUST-2679,2023-04-16,basic,428.91,53.0,Armenia,345.0,7,No,user_520@example.com
CUST-6975,2022-02-07,enterprise,156.14,46.0,Armenia,224.0,17,Yes,user_521@example.com
CUST-7698,2022-02-19,basic,261.2041955835962,26.0,UK,78.0,17,No,
CUST-8689,2023-02-26,basic,43.27,53.0,USA,203.0,6,Yes,user_523@example.com
CUST-8828,2022-08-01,premium,180.26,32.0,USA,,0,Yes,user_524@example.com
CUST-1711,2023-01-13,enterprise,123.22,24.0,USA,86.0,13,No,
CUST-5697,2022-12-26,basic,414.32,61.0,,356.0,11,Yes,user_526@example.com
CUST-4937,2022-08-23,enterprise,177.43,40.0,UK,19.0,2,Yes,user_527@example.com
CUST-3513,2023-04-16,enterprise,216.81,55.0,USA,335.0,20,Yes,user_528@example.com
CUST-1163,2022-10-01,enterprise,54.84,31.0,USA,57.0,16,Yes,
CUST-6394,2022-10-19,premium,22.9,44.0,Armenia,207.0,9,No,user_530@example.com
CUST-5392,2022-06-21,enterprise,297.56,71.0,USA,80.0,4,Yes,
CUST-7573,2023-04-24,basic,98.08,43.0,USA,,9,Yes,user_532@example.com
CUST-9321,2022-05-28,enterprise,251.7,72.0,UK,,3,Yes,user_533@example.com
CUST-6007,2022-05-23,enterprise,108.9,40.0,Armenia,89.0,5,Yes,user_534@example.com
CUST-7310,2022-06-01,basic,43.78,33.0,,,12,No,user_535@example.com
CUST-9287,2022-08-16,basic,272.89,62.0,,32.0,6,No,user_536@example.com
CUST-1785,2022-05-03,enterprise,188.19,22.0,,253.0,6,Yes,user_537@example.com
CUST-1661,2022-07-29,enterprise,491.47,68.0,UK,363.0,1,Yes,user_538@example.com
CUST-6586,2022-02-13,,270.57,47.0,UK,148.0,11,Yes,user_539@example.com
CUST-7743,2022-12-14,enterprise,168.25,47.0,USA,,11,Yes,user_540@example.com
CUST-9412,2023-02-24,,361.83,72.0,UK,88.0,6,No,user_541@example.com
CUST-5236,2022-01-31,,353.94,57.0,UK,249.0,4,Yes,user_542@example.com
CUST-3268,2023-01-25,premium,486.1,42.0,USA,,10,No,user_543@example.com
CUST-9303,2023-05-05,enterprise,423.38,47.0,UK,246.0,12,No,user_544@example.com
CUST-9773,2022-04-05,premium,190.75,60.0,,33.0,13,No,
CUST-3916,2022-12-11,enterprise,446.47,47.0,USA,139.0,19,No,user_546@example.com
CUST-9593,2022-08-07,basic,321.62,30.0,USA,330.0,0,No,user_547@example.com
CUST-7368,2022-10-10,enterprise,461.55,52.0,UK,162.0,14,Yes,user_548@example.com
CUST-1004,2023-02-09,basic,18.17,42.0,USA,197.0,15,Yes,user_549@example.com
CUST-2601,2022-03-03,enterprise,162.1,60.0,USA,22.0,16,No,user_550@example.com
CUST-8610,2022-05-25,premium,258.39269503546103,47.0,UK,136.0,10,No,user_551@example.com
CUST-3821,2022-08-05,enterprise,260.14132492113566,62.0,Armenia,102.0,13,Yes,user_552@example.com
CUST-2191,2022-07-08,enterprise,89.98,36.0,Armenia,112.0,5,No,user_553@example.com
CUST-8351,2022-10-30,enterprise,280.23,30.0,USA,223.0,12,No,user_554@example.com
CUST-5776,2022-06-09,enterprise,135.07,66.0,UK,259.0,2,No,user_555@example.com
CUST-1200,2023-04-26,enterprise,300.48,28.0,USA,,9,No,user_556@example.com
CUST-2645,2022-05-30,basic,261.2041955835962,48.0,USA,294.0,17,No,user_557@example.com
CUST-6849,2022-11-14,,319.51,47.0,,285.0,12,No,user_558@example.com
CUST-9462,2023-05-02,premium,240.34,47.0,UK,160.0,9,Yes,user_559@example.com
CUST-3092,2023-03-21,premium,181.39,34.0,USA,45.0,18,No,user_560@example.com
CUST-9146,2023-01-23,,249.43,35.0,USA,184.0,14,No,user_561@example.com
CUST-9044,2022-10-09,basic,141.45,44.0,Armenia,198.0,17,No,user_562@example.com
CUST-5513,2022-03-21,enterprise,95.04,58.0,Armenia,157.0,19,Yes,user_563@example.com
CUST-2886,2022-05-31,,209.94,51.0,USA,209.0,20,No,user_564@example.com
CUST-6359,2022-11-14,enterprise,373.67,31.0,,68.0,16,Yes,user_565@example.com
CUST-4143,2022-10-17,basic,381.06,28.0,UK,73.0,10,Yes,user_566@example.com
CUST-8159,2022-06-23,basic,411.81,47.0,USA,148.0,1,Yes,user_567@example.com
CUST-2046,2022-04-18,premium,258.39269503546103,40.0,UK,322.0,13,No,user_568@example.com
CUST-6674,2022-12-17,basic,29.0,53.0,UK,,6,Yes,
CUST-4634,2023-04-06,premium,258.39269503546103,21.0,UK,69.0,14,Yes,user_570@example.com
CUST-8665,2023-05-12,enterprise,290.8,19.0,Armenia,282.0,15,Yes,user_571@example.com
CUST-1227,2022-01-24,basic,315.38,33.0,UK,,20,Yes,user_572@example.com
CUST-4720,2022-05-11,basic,198.52,66.0,UK,58.0,16,Yes,user_573@example.com
CUST-8413,2022-04-07,premium,62.61,40.0,UK,32.0,18,No,user_574@example.com
CUST-3735,2022-05-22,enterprise,319.09,53.0,UK,47.0,8,No,user_575@example.com
CUST-4722,2022-06-25,,414.09,35.0,UK,230.0,8,Yes,user_576@example.com
CUST-3657,2022-02-07,enterprise,59.64,47.0,USA,127.0,2,Yes,user_577@example.com
CUST-5419,2022-07-31,premium,263.5,32.0,USA,170.0,9,No,user_578@example.com
CUST-5009,2023-03-26,enterprise,493.6,56.0,USA,197.0,12,No,user_579@example.com
CUST-4838,2023-04-03,enterprise,148.66,70.0,USA,288.0,11,Yes,user_580@example.com
CUST-1015,2022-08-04,,256.59,66.0,USA,180.0,12,No,user_581@example.com
CUST-4469,2022-03-11,basic,261.2041955835962,68.0,,203.0,10,No,user_582@example.com
CUST-9655,2022-10-10,enterprise,238.18,52.0,Armenia,353.0,17,Yes,user_583@example.com
CUST-3950,2023-02-01,basic,401.18,38.0,,231.0,15,Yes,user_584@example.com
CUST-6435,2022-03-01,enterprise,308.15,33.0,UK,242.0,10,Yes,user_585@example.com
CUST-2514,2022-04-23,basic,159.52,40.0,,241.0,15,No,user_586@example.com
CUST-2126,2022-05-19,basic,208.96,53.0,,108.0,17,No,user_587@example.com
CUST-8682,2022-06-20,,274.13,45.0,UK,16.0,9,Yes,user_588@example.com
CUST-5985,2022-02-19,basic,74.24,53.0,,342.0,8,No,
CUST-6338,2022-11-08,,410.28,53.0,USA,200.0,17,No,user_590@example.com
CUST-6302,2022-11-04,premium,435.27,58.0,Armenia,20.0,12,No,user_591@example.com
CUST-7689,2023-04-09,enterprise,393.42,69.0,USA,272.0,17,Yes,user_592@example.com
CUST-3433,2023-04-10,enterprise,109.36,62.0,UK,244.0,19,Yes,user_593@example.com
CUST-1339,2022-04-02,basic,44.27,31.0,Armenia,55.0,2,Yes,user_594@example.com
CUST-3450,2023-04-11,enterprise,99.06,47.0,UK,234.0,15,Yes,user_595@example.com
CUST-7078,2022-08-20,enterprise,350.47,52.0,UK,317.0,13,No,user_596@example.com
CUST-7055,2023-01-16,,489.46,51.0,UK,236.0,10,Yes,user_597@example.com
CUST-6533,2022-07-30,enterprise,260.14132492113566,23.0,Armenia,,8,Yes,user_598@example.com
CUST-5525,2022-04-17,premium,375.7,23.0,USA,108.0,8,Yes,user_599@example.com
CUST-1593,2022-03-26,basic,230.74,47.0,,56.0,6,No,user_600@example.com
CUST-5383,2023-01-20,basic,276.78,29.0,UK,160.0,16,No,user_601@example.com
CUST-9879,2023-04-25,,117.2,46.0,USA,342.0,16,Yes,user_602@example.com
CUST-2033,2022-12-14,premium,258.39269503546103,31.0,UK,264.0,8,Yes,user_603@example.com
CUST-4718,2022-04-28,enterprise,471.88,55.0,USA,330.0,18,No,user_604@example.com
CUST-2500,2022-10-04,basic,139.47,47.0,UK,122.0,1,No,user_605@example.com
CUST-5662,2023-04-23,enterprise,194.12,70.0,UK,9.0,6,No,user_606@example.com
CUST-9196,2022-07-05,enterprise,400.5,43.0,USA,171.0,15,Yes,user_607@example.com
CUST-3198,2022-11-25,premium,435.58,29.0,USA,340.0,19,No,user_608@example.com
CUST-3009,2022-12-12,enterprise,147.48,20.0,USA,,5,No,user_609@example.com
CUST-3356,2023-04-14,enterprise,262.72,29.0,,92.0,20,Yes,user_610@example.com
CUST-2125,2022-08-23,enterprise,370.56,44.0,USA,60.0,5,No,user_611@example.com
CUST-1936,2023-01-17,basic,240.97,70.0,UK,249.0,19,No,user_612@example.com
CUST-3776,2022-08-08,basic,191.9,64.0,Armenia,145.0,16,No,user_613@example.com
CUST-5598,2022-05-10,basic,222.26,60.0,Armenia,208.0,8,No,user_614@example.com
CUST-8154,2022-07-26,enterprise,207.32,35.0,UK,202.0,19,Yes,user_615@example.com
CUST-4734,2022-05-06,enterprise,260.14132492113566,46.0,Armenia,25.0,15,Yes,user_616@example.com
CUST-3736,2023-01-06,enterprise,260.14132492113566,58.0,USA,223.0,13,No,user_617@example.com
CUST-6899,2022-06-30,enterprise,102.43,23.0,UK,254.0,20,No,user_618@example.com
CUST-3293,2023-03-23,premium,160.1,56.0,USA,129.0,9,Yes,user_619@example.com
CUST-9548,2022-09-02,,335.73,56.0,UK,306.0,11,No,user_620@example.com
CUST-5553,2022-06-22,,473.93,47.0,Armenia,304.0,16,No,user_621@example.com
CUST-1461,2022-12-26,,409.6,57.0,UK,22.0,2,Yes,
CUST-3152,2022-05-28,basic,434.0,22.0,UK,75.0,12,Yes,user_623@example.com
CUST-5613,2022-05-04,enterprise,17.77,53.0,UK,,15,Yes,user_624@example.com
CUST-6892,2022-02-25,,177.86,54.0,USA,324.0,16,No,
CUST-8420,2022-12-12,basic,473.9,22.0,UK,183.0,19,Yes,
CUST-8355,2022-08-21,basic,477.39,28.0,,45.0,11,Yes,user_627@example.com
CUST-6610,2023-04-09,,157.6,19.0,USA,135.0,2,Yes,user_628@example.com
CUST-3187,2022-08-12,enterprise,482.89,47.0,UK,209.0,10,No,user_629@example.com
CUST-9504,2022-10-28,basic,106.57,49.0,Armenia,333.0,14,Yes,user_630@example.com
CUST-5146,2022-08-26,,162.74,46.0,Armenia,162.0,6,No,user_631@example.com
CUST-7840,2022-05-04,premium,305.17,41.0,Armenia,201.0,14,No,user_632@example.com
CUST-1253,2023-04-06,,465.08,64.0,USA,299.0,2,No,user_633@example.com
CUST-8150,2022-12-01,enterprise,233.97,41.0,Armenia,162.0,12,No,user_634@example.com
CUST-7490,2022-02-25,basic,80.84,74.0,Armenia,87.0,10,Yes,user_635@example.com
CUST-5391,2022-03-17,enterprise,260.14132492113566,25.0,USA,122.0,11,No,user_636@example.com
CUST-8260,2022-07-12,enterprise,69.85,47.0,USA,314.0,5,Yes,user_637@example.com
CUST-2481,2022-09-10,basic,396.74,47.0,,165.0,6,No,user_638@example.com
CUST-3282,2022-08-20,,441.4,54.0,USA,291.0,0,No,user_639@example.com
CUST-9711,2022-04-15,enterprise,308.33,58.0,USA,78.0,0,No,user_640@example.com
CUST-3208,2023-04-05,basic,332.52,60.0,USA,165.0,6,Yes,user_641@example.com
CUST-2726,2022-09-21,,194.2,47.0,USA,139.0,10,No,user_642@example.com
CUST-4188,2022-11-10,basic,161.04,31.0,USA,330.0,8,Yes,
CUST-3198,2022-06-09,basic,479.01,73.0,USA,190.0,4,Yes,user_644@example.com
CUST-7805,2022-10-01,basic,272.03,19.0,UK,12.0,8,No,user_645@example.com
CUST-1914,2023-01-12,,140.82,51.0,Armenia,312.0,15,Yes,user_646@example.com
CUST-4649,2022-03-26,basic,194.0,24.0,Armenia,288.0,16,No,user_647@example.com
CUST-9431,2022-10-26,basic,374.13,60.0,UK,235.0,14,Yes,user_648@example.com
CUST-7745,2022-10-05,,173.58,32.0,Armenia,56.0,3,Yes,
CUST-3783,2022-07-27,basic,495.03,44.0,Armenia,203.0,10,Yes,
CUST-7140,2022-10-29,basic,369.04,64.0,UK,180.0,18,Yes,user_652@example.com
CUST-2336,2022-01-21,basic,306.78,23.0,,313.0,1,Yes,user_654@example.com
CUST-4780,2022-07-24,premium,140.26,73.0,USA,167.0,17,Yes,user_655@example.com
CUST-2979,2023-04-06,basic,33.34,45.0,USA,166.0,3,Yes,user_656@example.com
CUST-9317,2022-08-10,premium,255.36,66.0,USA,243.0,7,No,user_657@example.com
CUST-6936,2022-06-26,premium,362.95,47.0,USA,31.0,14,Yes,user_658@example.com
CUST-3162,2022-08-23,basic,396.08,31.0,Armenia,202.0,1,No,user_659@example.com
CUST-9496,2022-04-22,basic,360.14,37.0,USA,212.0,20,No,user_660@example.com
CUST-4262,2022-11-22,enterprise,27.24,58.0,Armenia,281.0,3,Yes,user_661@example.com
CUST-4590,2022-05-15,,422.06,74.0,USA,279.0,8,No,user_662@example.com
CUST-2559,2022-03-19,basic,375.7,60.0,Armenia,266.0,17,No,
CUST-1647,2022-06-19,premium,331.32,18.0,USA,354.0,16,No,user_664@example.com
CUST-2931,2022-01-07,premium,391.9,19.0,USA,341.0,5,No,user_665@example.com
CUST-8548,2022-11-22,,209.92,27.0,USA,64.0,10,No,user_666@example.com
CUST-3581,2023-02-26,basic,200.15,69.0,USA,226.0,1,No,user_667@example.com
CUST-7932,2022-11-19,,412.39,23.0,UK,149.0,19,Yes,user_668@example.com
CUST-8015,2022-10-25,premium,240.81,32.0,UK,111.0,6,No,user_669@example.com
CUST-8281,2022-08-27,enterprise,260.14132492113566,40.0,USA,137.0,19,No,user_670@example.com
CUST-8686,2022-09-03,enterprise,47.88,47.0,Armenia,94.0,12,No,user_671@example.com
CUST-2720,2022-09-06,enterprise,412.61,44.0,USA,192.0,5,Yes,user_672@example.com
CUST-4389,2023-05-11,basic,163.31,61.0,,333.0,12,No,user_673@example.com
CUST-5242,2023-03-17,premium,278.76,44.0,USA,275.0,17,No,user_674@example.com
CUST-7448,2022-03-14,premium,258.39269503546103,44.0,UK,303.0,18,No,user_675@example.com
CUST-8192,2022-08-19,premium,252.5,50.0,,50.0,6,No,
CUST-8408,2023-05-03,premium,337.06,28.0,UK,132.0,13,No,user_678@example.com
CUST-7996,2022-08-29,basic,460.73,47.0,USA,112.0,20,Yes,user_679@example.com
CUST-6253,2023-02-22,premium,45.09,47.0,Armenia,252.0,16,No,user_680@example.com
CUST-3800,2023-04-07,basic,57.66,47.0,Armenia,171.0,9,No,user_681@example.com
CUST-2509,2022-05-02,enterprise,76.29,46.0,,113.0,9,No,user_682@example.com
CUST-1029,2022-11-05,enterprise,225.72,59.0,,262.0,20,No,user_683@example.com
CUST-8892,2023-03-28,premium,24.15,73.0,USA,147.0,12,No,user_684@example.com
CUST-4040,2023-03-26,enterprise,394.6,20.0,UK,333.0,20,No,user_685@example.com
CUST-2807,2022-11-06,enterprise,134.57,54.0,UK,180.0,17,No,user_686@example.com
CUST-9272,2023-02-27,,42.7,30.0,USA,58.0,2,Yes,user_687@example.com
CUST-8251,2022-05-04,enterprise,390.95,69.0,USA,38.0,17,No,user_688@example.com
CUST-8306,2023-03-09,premium,258.39269503546103,75.0,USA,122.0,2,Yes,
CUST-2284,2022-03-09,enterprise,381.87,20.0,,,0,Yes,
CUST-2304,2023-05-14,,351.3,40.0,USA,348.0,11,No,
CUST-1688,2023-05-11,,356.88,71.0,,351.0,2,Yes,user_692@example.com
CUST-8321,2022-09-08,basic,275.61,61.0,Armenia,88.0,8,Yes,
CUST-4622,2022-08-22,basic,326.6,25.0,UK,75.0,7,No,user_694@example.com
CUST-1255,2023-03-26,basic,398.88,28.0,Armenia,5.0,9,No,user_695@example.com
CUST-1619,2022-02-01,,107.76,45.0,USA,23.0,7,No,user_696@example.com
CUST-6249,2022-07-27,basic,261.2041955835962,57.0,,23.0,0,No,user_697@example.com
CUST-2082,2023-04-21,enterprise,321.02,20.0,UK,107.0,12,Yes,user_698@example.com
CUST-9251,2022-05-06,basic,499.14,65.0,UK,174.0,15,Yes,user_699@example.com
CUST-7647,2022-02-06,basic,254.8,75.0,Armenia,215.0,12,Yes,user_700@example.com
CUST-4857,2022-10-07,premium,77.05,28.0,USA,25.0,2,Yes,user_701@example.com
CUST-9278,2022-11-06,basic,231.78,38.0,UK,119.0,4,Yes,user_702@example.com
CUST-3250,2022-10-31,premium,258.39269503546103,20.0,USA,88.0,7,Yes,user_703@example.com
CUST-5993,2022-08-30,premium,243.46,25.0,USA,259.0,15,No,user_704@example.com
CUST-3830,2022-10-22,basic,128.57,47.0,USA,172.0,11,No,user_705@example.com
CUST-8933,2022-02-13,enterprise,332.25,74.0,USA,180.0,8,No,
CUST-3900,2022-07-20,enterprise,416.34,41.0,UK,274.0,14,Yes,user_707@example.com
CUST-2382,2022-07-13,enterprise,72.44,32.0,UK,152.0,12,No,user_708@example.com
CUST-7879,2022-01-01,enterprise,122.35,30.0,Armenia,220.0,14,Yes,
CUST-1629,2023-03-01,,18.34,47.0,,252.0,20,No,user_710@example.com
CUST-5168,2022-07-05,enterprise,441.22,39.0,USA,300.0,1,Yes,user_711@example.com
CUST-1167,2023-04-27,enterprise,397.76,47.0,USA,61.0,2,No,user_712@example.com
CUST-9471,2023-02-01,,111.66,36.0,UK,221.0,16,Yes,user_713@example.com
CUST-7712,2023-03-18,premium,258.39269503546103,69.0,,354.0,15,No,
CUST-7423,2022-09-20,,44.86,52.0,USA,72.0,20,No,user_715@example.com
CUST-6741,2022-01-10,,367.99,39.0,USA,126.0,20,No,user_716@example.com
CUST-3916,2023-01-02,enterprise,303.42,33.0,,,8,Yes,user_717@example.com
CUST-4218,2023-04-16,enterprise,412.94,70.0,Armenia,110.0,5,No,user_718@example.com
CUST-9654,2022-04-21,enterprise,331.55,47.0,USA,241.0,10,No,user_719@example.com
CUST-2753,2023-04-19,,161.71,29.0,,247.0,12,No,user_720@example.com
CUST-9777,2023-02-06,enterprise,300.13,20.0,USA,,20,Yes,user_721@example.com
CUST-5862,2022-12-02,basic,147.26,65.0,USA,314.0,6,No,user_722@example.com
CUST-2266,2022-04-05,basic,194.33,54.0,Armenia,215.0,1,No,user_723@example.com
CUST-4720,2022-01-02,,445.72,21.0,Armenia,318.0,9,Yes,user_724@example.com
CUST-4417,2022-07-31,,130.06,32.0,USA,191.0,0,Yes,
CUST-3913,2022-12-10,premium,322.75,61.0,Armenia,250.0,15,No,user_726@example.com
CUST-1849,2023-04-14,enterprise,65.29,47.0,UK,,9,No,user_727@example.com
CUST-5821,2022-06-18,enterprise,342.33,63.0,USA,194.0,17,Yes,user_728@example.com
CUST-7220,2022-11-16,enterprise,87.28,30.0,Armenia,64.0,10,Yes,user_729@example.com
CUST-5556,2022-10-22,enterprise,260.14132492113566,27.0,,61.0,20,No,user_730@example.com
CUST-3744,2022-01-17,premium,230.57,47.0,,22.0,16,No,user_731@example.com
CUST-2433,2022-08-26,basic,389.98,34.0,USA,69.0,13,No,user_733@example.com
CUST-6065,2022-01-09,basic,114.65,74.0,USA,77.0,11,Yes,user_734@example.com
CUST-6020,2022-03-02,enterprise,11.28,52.0,,162.0,4,No,user_735@example.com
CUST-7090,2022-01-29,basic,266.21,18.0,USA,106.0,1,No,user_736@example.com
CUST-1062,2022-01-17,enterprise,448.31,22.0,UK,13.0,2,Yes,user_737@example.com
CUST-7623,2023-02-12,basic,61.18,40.0,USA,26.0,20,Yes,user_738@example.com
CUST-9816,2022-09-13,,305.23,47.0,USA,276.0,19,No,user_739@example.com
CUST-8895,2023-03-29,basic,434.05,47.0,Armenia,88.0,13,Yes,
CUST-9278,2023-03-10,basic,381.57,22.0,Armenia,96.0,0,No,user_741@example.com
CUST-9464,2022-09-23,,172.77,69.0,Armenia,62.0,6,No,user_742@example.com
CUST-3465,2023-02-16,premium,258.39269503546103,48.0,UK,202.0,9,Yes,user_743@example.com
CUST-4479,2022-01-19,,289.93,49.0,USA,,20,No,user_744@example.com
CUST-3058,2022-09-24,basic,64.99,24.0,USA,198.0,3,No,user_745@example.com
CUST-3185,2022-06-12,premium,116.62,75.0,USA,156.0,20,No,user_746@example.com
CUST-8059,2022-05-22,basic,485.13,33.0,UK,19.0,16,Yes,user_747@example.com
CUST-3202,2022-04-05,basic,197.66,40.0,Armenia,263.0,15,No,user_748@example.com
CUST-8988,2022-04-26,enterprise,260.14132492113566,33.0,UK,,12,No,user_749@example.com
CUST-9941,2022-08-20,enterprise,264.2,21.0,UK,305.0,11,No,user_750@example.com
CUST-7420,2022-04-09,enterprise,402.71,43.0,UK,,11,Yes,user_751@example.com
CUST-8006,2022-02-22,enterprise,233.01,37.0,USA,330.0,8,Yes,user_752@example.com
CUST-2695,2022-04-13,enterprise,43.57,31.0,USA,134.0,13,No,user_753@example.com
CUST-4677,2022-06-05,,67.98,64.0,Armenia,103.0,17,Yes,user_754@example.com
CUST-9216,2022-12-06,enterprise,285.95,60.0,USA,349.0,15,Yes,user_755@example.com
CUST-2560,2022-10-19,premium,56.37,53.0,USA,56.0,0,Yes,user_756@example.com
CUST-9515,2023-03-22,premium,170.77,75.0,USA,132.0,2,No,user_757@example.com
CUST-1220,2023-03-17,enterprise,378.7,29.0,Armenia,10.0,7,Yes,user_758@example.com
CUST-2939,2022-03-26,enterprise,216.44,44.0,USA,190.0,10,Yes,user_759@example.com
CUST-1940,2022-12-15,enterprise,77.32,42.0,Armenia,312.0,16,No,
CUST-6460,2022-03-14,,287.66,50.0,USA,342.0,6,No,user_761@example.com
CUST-4397,2022-05-25,enterprise,171.91,32.0,Armenia,,16,Yes,user_762@example.com
CUST-8728,2022-02-21,enterprise,495.44,65.0,UK,,9,No,
CUST-2243,2023-01-01,basic,112.26,47.0,UK,,0,Yes,user_764@example.com
CUST-7105,2022-11-24,basic,256.9,66.0,UK,,4,No,user_765@example.com
CUST-3957,2022-02-02,premium,55.42,57.0,Armenia,16.0,2,Yes,user_766@example.com
CUST-6058,2022-12-12,enterprise,263.67,68.0,Armenia,177.0,4,No,user_767@example.com
CUST-8485,2023-04-27,basic,359.36,34.0,UK,70.0,0,No,user_768@example.com
CUST-5630,2022-08-18,premium,203.73,53.0,Armenia,263.0,11,Yes,user_769@example.com
CUST-4357,2023-03-11,premium,218.57,68.0,USA,356.0,2,No,user_770@example.com
CUST-1998,2022-11-16,enterprise,300.08,75.0,UK,134.0,12,No,user_771@example.com
CUST-6630,2023-04-26,enterprise,30.96,41.0,USA,27.0,19,No,user_772@example.com
CUST-1989,2022-10-29,basic,40.32,47.0,Armenia,,18,No,user_773@example.com
CUST-3142,2022-02-01,enterprise,398.68,72.0,,316.0,1,Yes,user_774@example.com
CUST-5405,2023-03-11,premium,142.21,72.0,USA,329.0,19,Yes,user_775@example.com
CUST-8177,2022-04-29,enterprise,381.73,47.0,UK,93.0,6,Yes,user_776@example.com
CUST-2105,2022-05-21,basic,388.62,74.0,,255.0,4,No,
CUST-2829,2022-01-17,enterprise,483.69,28.0,USA,176.0,10,Yes,user_778@example.com
CUST-8710,2022-03-25,premium,375.7,47.0,USA,1.0,9,No,user_779@example.com
CUST-3496,2023-03-28,enterprise,378.62,52.0,USA,50.0,8,No,
CUST-1711,2022-06-19,basic,135.29,74.0,,108.0,16,Yes,user_781@example.com
CUST-9835,2022-02-17,basic,345.22,39.0,UK,357.0,3,No,user_782@example.com
CUST-8487,2022-08-24,basic,472.08,39.0,USA,92.0,12,No,
CUST-4855,2022-05-20,basic,455.23,61.0,Armenia,,13,No,user_784@example.com
CUST-9493,2022-01-07,enterprise,12.53,39.0,USA,117.0,10,No,user_785@example.com
CUST-8935,2022-10-25,basic,452.94,69.0,UK,195.0,18,No,user_786@example.com
CUST-1293,2023-01-15,basic,74.43,21.0,USA,198.0,5,Yes,user_787@example.com
CUST-7145,2022-08-16,premium,46.33,37.0,,293.0,0,No,user_788@example.com
CUST-8616,2022-08-05,enterprise,433.63,66.0,Armenia,312.0,4,No,user_789@example.com
CUST-5489,2022-05-19,,90.04,24.0,USA,192.0,14,Yes,user_790@example.com
CUST-6198,2022-02-24,enterprise,310.42,73.0,Armenia,363.0,15,Yes,user_791@example.com
CUST-6934,2022-11-19,basic,110.39,47.0,UK,171.0,3,Yes,user_792@example.com
CUST-3116,2023-03-02,enterprise,442.15,19.0,USA,159.0,4,No,user_793@example.com
CUST-7007,2022-07-25,basic,167.84,56.0,Armenia,298.0,16,Yes,user_794@example.com
CUST-3018,2022-06-26,premium,143.1,41.0,USA,294.0,18,No,user_795@example.com
CUST-7757,2023-03-01,premium,31.63,48.0,UK,292.0,1,No,user_796@example.com
CUST-9714,2022-12-01,basic,488.01,22.0,USA,181.0,14,No,user_797@example.com
CUST-5333,2022-09-23,enterprise,328.61,20.0,,193.0,17,No,user_798@example.com
CUST-5171,2022-12-03,basic,261.2041955835962,43.0,USA,105.0,1,No,user_799@example.com
CUST-8248,2022-11-21,basic,175.02,70.0,UK,227.0,12,Yes,user_800@example.com
CUST-7227,2022-07-14,enterprise,425.7,47.0,UK,173.0,15,Yes,user_801@example.com
CUST-9957,2022-05-30,enterprise,379.39,38.0,USA,300.0,6,No,
CUST-2154,2022-06-08,basic,347.17,21.0,USA,89.0,13,No,user_803@example.com
CUST-3341,2023-01-13,premium,318.85,50.0,USA,30.0,11,No,user_804@example.com
CUST-2194,2022-06-04,enterprise,292.04,39.0,UK,,14,No,user_805@example.com
CUST-1374,2022-04-08,premium,133.76,69.0,UK,147.0,18,Yes,user_806@example.com
CUST-6348,2022-09-03,basic,423.88,29.0,UK,27.0,16,No,user_807@example.com
CUST-2697,2022-04-17,enterprise,285.75,29.0,UK,,16,Yes,
CUST-4419,2022-03-04,enterprise,393.17,49.0,Armenia,161.0,4,No,user_809@example.com
CUST-7933,2023-02-16,premium,427.37,19.0,Armenia,49.0,11,Yes,user_810@example.com
CUST-6237,2023-04-21,enterprise,290.52,47.0,UK,282.0,11,No,user_811@example.com
CUST-9178,2022-07-25,basic,429.14,55.0,UK,353.0,13,No,user_812@example.com
CUST-9730,2022-10-09,basic,362.43,72.0,UK,154.0,11,No,user_813@example.com
CUST-7522,2022-10-02,,308.28,24.0,UK,254.0,2,Yes,user_814@example.com
CUST-9769,2022-08-19,basic,244.72,31.0,USA,56.0,9,Yes,user_815@example.com
CUST-9852,2022-02-15,enterprise,295.6,58.0,UK,,2,No,user_816@example.com
CUST-4579,2023-02-28,,420.31,39.0,UK,231.0,18,Yes,
CUST-1723,2023-03-05,basic,469.32,30.0,,235.0,15,Yes,user_818@example.com
CUST-8554,2022-01-02,basic,182.14,75.0,USA,278.0,14,No,user_819@example.com
CUST-5950,2022-08-02,basic,179.13,59.0,USA,11.0,15,Yes,user_820@example.com
CUST-4588,2022-01-10,enterprise,67.32,75.0,UK,93.0,0,Yes,user_821@example.com
CUST-6059,2023-05-14,enterprise,92.7,51.0,UK,318.0,1,No,user_822@example.com
CUST-7678,2022-07-30,basic,342.21,19.0,USA,357.0,3,Yes,user_823@example.com
CUST-4468,2023-04-29,premium,313.6,56.0,Armenia,,6,No,user_824@example.com
CUST-5702,2022-09-20,enterprise,10.06,45.0,USA,322.0,1,Yes,user_825@example.com
CUST-9040,2023-01-28,enterprise,260.14132492113566,21.0,USA,38.0,14,No,user_826@example.com
CUST-8266,2022-08-03,basic,35.76,64.0,,315.0,2,No,
CUST-9663,2022-03-18,enterprise,233.29,58.0,Armenia,60.0,3,Yes,
CUST-5752,2022-08-17,enterprise,398.3,36.0,USA,105.0,5,No,
CUST-5332,2022-03-18,enterprise,498.35,46.0,UK,,0,No,user_831@example.com
CUST-9681,2022-10-10,enterprise,157.7,37.0,,64.0,14,Yes,user_832@example.com
CUST-5233,2022-12-08,basic,261.2041955835962,59.0,USA,124.0,18,Yes,user_833@example.com
CUST-6289,2022-03-28,basic,261.2041955835962,43.0,USA,185.0,3,No,user_834@example.com
CUST-5344,2023-02-11,basic,232.49,41.0,USA,359.0,12,No,user_835@example.com
CUST-1054,2022-01-01,basic,17.21,47.0,Armenia,233.0,20,Yes,user_836@example.com
CUST-9675,2022-04-08,premium,258.39269503546103,47.0,USA,306.0,10,Yes,user_837@example.com
CUST-2864,2022-10-31,basic,353.54,28.0,USA,16.0,20,No,user_838@example.com
CUST-6777,2023-01-16,,492.74,28.0,,330.0,0,Yes,user_839@example.com
CUST-8364,2022-02-22,basic,113.36,35.0,Armenia,36.0,9,No,
CUST-9430,2022-01-05,basic,59.92,58.0,UK,10.0,8,No,user_841@example.com
CUST-8845,2023-02-23,premium,91.83,19.0,USA,340.0,2,Yes,user_842@example.com
CUST-5209,2023-02-19,enterprise,80.3,72.0,Armenia,4.0,0,No,user_843@example.com
CUST-5040,2023-01-23,,93.8,52.0,USA,36.0,11,No,user_844@example.com
CUST-2688,2022-04-28,basic,69.51,72.0,USA,262.0,2,Yes,user_845@example.com
CUST-1758,2022-12-23,enterprise,430.91,20.0,USA,98.0,6,Yes,user_846@example.com
CUST-8152,2023-01-10,enterprise,260.14132492113566,32.0,USA,125.0,15,No,user_847@example.com
CUST-3998,2022-03-27,enterprise,33.11,73.0,USA,288.0,14,Yes,user_848@example.com
CUST-1018,2022-09-19,,445.49,66.0,Armenia,328.0,6,Yes,user_849@example.com
CUST-7940,2022-01-17,basic,207.5,45.0,UK,341.0,6,Yes,user_850@example.com
CUST-4615,2022-03-06,,232.51,74.0,UK,0.0,2,Yes,user_851@example.com
CUST-9050,2022-11-06,enterprise,301.07,73.0,UK,63.0,0,Yes,user_852@example.com
CUST-5554,2022-03-22,basic,249.02,33.0,Armenia,35.0,7,Yes,user_853@example.com
CUST-7154,2023-01-21,enterprise,398.71,66.0,USA,103.0,7,Yes,user_854@example.com
CUST-4526,2022-09-15,basic,486.17,29.0,USA,124.0,4,No,user_855@example.com
CUST-2348,2022-02-12,enterprise,338.72,75.0,USA,329.0,10,Yes,user_856@example.com
CUST-2751,2023-03-26,enterprise,456.36,56.0,Armenia,107.0,17,Yes,user_857@example.com
CUST-7906,2023-05-06,enterprise,118.22,47.0,,2.0,15,No,user_858@example.com
CUST-9757,2023-03-25,basic,135.5,66.0,UK,,15,Yes,user_859@example.com
CUST-4328,2022-01-15,basic,287.21,22.0,UK,,11,Yes,user_860@example.com
CUST-3584,2022-06-27,basic,339.9,47.0,USA,365.0,0,No,user_861@example.com
CUST-4389,2022-05-07,basic,408.78,61.0,UK,190.0,5,Yes,user_862@example.com
CUST-8100,2022-07-06,,226.48,72.0,Armenia,321.0,0,Yes,user_863@example.com
CUST-2545,2022-07-05,premium,222.33,58.0,Armenia,27.0,5,Yes,user_864@example.com
CUST-5725,2023-04-14,enterprise,34.18,21.0,UK,200.0,13,No,user_865@example.com
CUST-2615,2022-11-08,basic,197.29,61.0,USA,134.0,19,Yes,user_866@example.com
CUST-3417,2022-12-03,basic,142.24,60.0,UK,322.0,13,No,user_867@example.com
CUST-6471,2022-09-21,basic,107.01,19.0,UK,7.0,3,Yes,user_868@example.com
CUST-1368,2022-02-14,basic,385.79,68.0,Armenia,318.0,15,No,user_869@example.com
CUST-9626,2023-04-14,enterprise,98.29,72.0,Armenia,232.0,18,No,user_870@example.com
CUST-1400,2022-10-10,enterprise,123.2,23.0,Armenia,182.0,4,No,user_871@example.com
CUST-5947,2022-12-28,basic,28.2,22.0,USA,318.0,6,No,user_872@example.com
CUST-3782,2022-10-18,enterprise,260.14132492113566,56.0,Armenia,364.0,6,Yes,user_873@example.com
CUST-2237,2023-04-16,enterprise,94.52,70.0,USA,136.0,1,Yes,user_874@example.com
CUST-5194,2022-08-27,basic,299.46,33.0,UK,,12,No,user_875@example.com
CUST-2147,2022-04-06,basic,171.99,32.0,UK,117.0,0,Yes,user_876@example.com
CUST-3330,2022-11-04,premium,277.89,62.0,,258.0,2,No,
CUST-4288,2023-04-30,basic,136.98,49.0,USA,24.0,8,No,
CUST-4190,2022-06-22,enterprise,260.14132492113566,18.0,USA,181.0,19,Yes,user_879@example.com
CUST-4922,2022-10-27,basic,241.53,62.0,USA,161.0,6,No,user_880@example.com
CUST-4419,2022-05-25,enterprise,429.09,64.0,Armenia,128.0,15,No,user_881@example.com
CUST-9434,2022-07-20,premium,258.39269503546103,51.0,USA,84.0,18,Yes,user_882@example.com
CUST-2523,2022-12-11,enterprise,483.18,40.0,,202.0,1,No,user_883@example.com
CUST-5749,2022-11-30,enterprise,260.14132492113566,64.0,Armenia,1.0,20,Yes,
CUST-1211,2022-12-18,basic,185.6,36.0,USA,48.0,0,No,user_885@example.com
CUST-3684,2022-02-27,,295.61,29.0,USA,289.0,0,No,user_886@example.com
CUST-5255,2022-04-20,,112.19,22.0,USA,173.0,8,Yes,user_887@example.com
CUST-9969,2022-06-16,basic,261.2041955835962,24.0,USA,186.0,17,Yes,user_888@example.com
CUST-3603,2022-12-09,basic,416.78,32.0,USA,33.0,15,Yes,user_889@example.com
CUST-8851,2022-03-26,premium,359.85,67.0,USA,307.0,0,Yes,
CUST-1146,2023-02-10,basic,12.11,20.0,UK,278.0,11,Yes,
CUST-7698,2022-05-12,basic,19.17,69.0,Armenia,319.0,1,Yes,user_892@example.com
CUST-3445,2022-08-19,enterprise,97.87,71.0,UK,274.0,8,Yes,user_893@example.com
CUST-3344,2022-01-03,,431.64,35.0,UK,147.0,18,Yes,user_894@example.com
CUST-3760,2022-02-26,enterprise,118.08,47.0,USA,242.0,0,No,user_895@example.com
CUST-9297,2022-06-14,premium,397.74,64.0,,259.0,4,No,user_896@example.com
CUST-8872,2023-04-01,,131.04,23.0,USA,14.0,0,Yes,user_897@example.com
CUST-7711,2022-01-18,basic,446.97,47.0,UK,149.0,18,Yes,user_898@example.com
CUST-3587,2022-02-10,basic,50.32,72.0,Armenia,266.0,17,No,user_899@example.com
CUST-2355,2022-12-10,enterprise,356.81,42.0,USA,218.0,9,Yes,user_900@example.com
CUST-7567,2022-11-29,enterprise,255.06,62.0,UK,70.0,13,No,
CUST-4905,2023-05-01,,354.7,59.0,UK,291.0,2,No,user_902@example.com
CUST-6400,2022-03-14,enterprise,383.46,56.0,Armenia,345.0,20,No,user_903@example.com
CUST-3482,2022-07-12,premium,320.65,25.0,Armenia,84.0,6,Yes,user_904@example.com
CUST-5617,2022-09-19,,437.35,39.0,USA,246.0,6,Yes,user_905@example.com
CUST-9782,2023-03-16,basic,175.27,38.0,USA,289.0,5,No,user_906@example.com
CUST-1086,2022-11-12,basic,433.7,39.0,,112.0,9,Yes,user_907@example.com
CUST-2709,2022-07-08,,481.93,56.0,UK,299.0,6,Yes,user_908@example.com
CUST-4887,2023-02-13,premium,194.82,75.0,UK,32.0,1,Yes,user_909@example.com
CUST-2930,2022-09-23,enterprise,484.28,53.0,UK,180.0,3,Yes,user_910@example.com
CUST-9092,2022-08-01,enterprise,147.81,32.0,UK,26.0,7,No,user_911@example.com
CUST-7762,2022-03-03,,105.7,44.0,USA,36.0,10,No,user_912@example.com
CUST-6700,2022-01-25,,448.15,31.0,USA,345.0,10,Yes,user_913@example.com
CUST-6043,2023-03-11,basic,204.46,52.0,Armenia,293.0,19,No,
CUST-7538,2022-08-30,basic,427.32,75.0,,294.0,20,No,user_915@example.com
CUST-9683,2022-09-08,enterprise,43.34,26.0,UK,194.0,13,Yes,user_916@example.com
CUST-3102,2022-07-24,basic,469.4,56.0,Armenia,16.0,19,Yes,user_917@example.com
CUST-2671,2022-01-24,basic,261.2041955835962,41.0,UK,105.0,17,No,user_918@example.com
CUST-4541,2023-03-28,,68.87,38.0,Armenia,10.0,6,No,user_919@example.com
CUST-8656,2023-03-20,enterprise,176.14,55.0,Armenia,158.0,16,No,user_920@example.com
CUST-7779,2022-01-27,,60.35,58.0,,87.0,3,Yes,user_921@example.com
CUST-7434,2022-04-23,basic,31.8,56.0,Armenia,312.0,14,No,user_922@example.com
CUST-1967,2022-12-13,enterprise,162.72,24.0,USA,342.0,6,Yes,user_923@example.com
CUST-8298,2022-04-10,,22.42,72.0,Armenia,248.0,8,Yes,user_924@example.com
CUST-7994,2022-02-20,basic,261.2041955835962,45.0,Armenia,,20,Yes,user_925@example.com
CUST-7095,2022-01-15,enterprise,461.64,65.0,Armenia,314.0,1,No,user_926@example.com
CUST-7073,2022-03-17,enterprise,255.29,50.0,USA,30.0,17,No,user_927@example.com
CUST-9998,2022-08-07,basic,431.6,75.0,UK,19.0,16,Yes,user_929@example.com
CUST-5784,2022-08-31,premium,207.74,62.0,USA,183.0,8,Yes,user_930@example.com
CUST-5421,2022-08-05,basic,384.21,56.0,UK,174.0,17,No,user_931@example.com
CUST-8697,2022-04-18,basic,320.09,67.0,,349.0,9,Yes,user_932@example.com
CUST-1218,2022-04-01,premium,125.21,52.0,USA,25.0,7,Yes,user_933@example.com
CUST-3981,2022-08-17,basic,330.82,47.0,USA,124.0,6,No,user_934@example.com
CUST-6686,2022-04-16,premium,226.03,62.0,USA,102.0,14,No,user_935@example.com
CUST-6848,2022-11-17,enterprise,123.94,53.0,Armenia,68.0,19,No,user_936@example.com
CUST-3536,2023-03-18,basic,261.2041955835962,47.0,,26.0,11,Yes,
CUST-4393,2022-08-31,,264.73,22.0,UK,19.0,5,No,user_938@example.com
CUST-3852,2022-07-24,enterprise,273.49,47.0,USA,63.0,3,No,user_939@example.com
CUST-5836,2022-07-09,basic,165.15,38.0,USA,10.0,5,Yes,user_940@example.com
CUST-3689,2023-01-16,enterprise,82.99,47.0,,267.0,11,Yes,user_941@example.com
CUST-2694,2022-06-08,basic,255.95,60.0,,52.0,4,Yes,user_942@example.com
CUST-4469,2022-04-12,enterprise,454.87,41.0,Armenia,104.0,10,No,user_943@example.com
CUST-5819,2022-08-01,basic,261.48,66.0,USA,289.0,13,No,user_944@example.com
CUST-7311,2022-04-20,enterprise,260.14132492113566,32.0,USA,303.0,14,Yes,user_945@example.com
CUST-7960,2022-04-18,,465.83,47.0,Armenia,252.0,16,Yes,user_946@example.com
CUST-9836,2022-11-10,basic,476.84,65.0,USA,355.0,9,No,user_947@example.com
CUST-2828,2022-02-05,,384.27,38.0,USA,324.0,13,No,user_948@example.com
CUST-1804,2022-11-30,premium,52.98,75.0,,15.0,20,Yes,user_949@example.com
CUST-1538,2022-10-29,basic,22.44,56.0,UK,88.0,13,No,user_950@example.com
CUST-9505,2023-04-01,,283.85,69.0,Armenia,63.0,3,No,user_951@example.com
CUST-6521,2022-10-03,enterprise,381.5,56.0,Armenia,160.0,2,Yes,user_952@example.com
CUST-6694,2022-02-15,basic,76.01,50.0,UK,,9,No,user_953@example.com
CUST-6862,2022-10-20,basic,201.47,59.0,UK,328.0,18,Yes,user_954@example.com
CUST-9373,2023-05-15,basic,31.62,19.0,Armenia,86.0,11,Yes,user_955@example.com
CUST-9899,2022-04-27,basic,398.4,29.0,Armenia,337.0,6,No,user_956@example.com
CUST-1606,2022-02-27,,148.69,39.0,USA,1.0,19,No,user_957@example.com
CUST-6506,2023-03-14,premium,210.63,47.0,UK,228.0,1,No,user_958@example.com
CUST-6676,2022-01-17,enterprise,260.14132492113566,42.0,Armenia,30.0,3,Yes,user_959@example.com
CUST-9954,2022-06-10,enterprise,294.93,50.0,USA,191.0,2,No,user_960@example.com
CUST-3094,2022-09-30,enterprise,416.77,32.0,USA,308.0,20,No,user_961@example.com
CUST-8746,2022-04-05,basic,142.83,67.0,UK,264.0,12,No,user_962@example.com
CUST-3218,2022-08-23,premium,341.54,65.0,UK,281.0,0,No,user_963@example.com
CUST-2696,2022-05-31,enterprise,355.32,61.0,Armenia,93.0,20,No,user_964@example.com
CUST-9755,2022-12-19,basic,294.91,69.0,Armenia,361.0,17,Yes,user_965@example.com
CUST-8542,2022-04-17,,92.97,58.0,,34.0,8,No,user_966@example.com
CUST-8882,2022-07-20,basic,404.0,29.0,Armenia,29.0,1,Yes,user_967@example.com
CUST-9071,2023-02-27,enterprise,57.37,37.0,USA,342.0,17,Yes,user_968@example.com
CUST-2101,2022-12-25,basic,261.2041955835962,63.0,UK,25.0,2,Yes,user_969@example.com
CUST-6901,2023-03-17,premium,470.57,75.0,UK,117.0,11,No,user_970@example.com
CUST-5909,2022-10-08,,245.38,25.0,,151.0,13,No,user_971@example.com
CUST-7619,2022-08-22,,328.38,35.0,,330.0,10,No,
CUST-7422,2023-04-05,,17.7,57.0,UK,197.0,0,No,user_973@example.com
CUST-7566,2022-03-12,basic,132.08,30.0,,245.0,20,No,user_974@example.com
CUST-9642,2023-01-31,enterprise,285.21,41.0,UK,76.0,15,No,user_975@example.com
CUST-9057,2022-09-19,premium,388.83,49.0,,253.0,6,Yes,user_976@example.com
CUST-5935,2022-05-17,basic,293.44,47.0,USA,322.0,4,No,user_977@example.com
CUST-8965,2023-01-26,enterprise,314.34,55.0,USA,198.0,1,No,user_978@example.com
CUST-7723,2022-08-20,basic,295.93,32.0,,156.0,3,No,user_979@example.com
CUST-2445,2023-05-01,enterprise,195.64,68.0,Armenia,232.0,5,No,user_980@example.com
CUST-7297,2022-04-01,enterprise,433.06,63.0,Armenia,,1,Yes,user_981@example.com
CUST-9742,2022-03-27,enterprise,260.14132492113566,38.0,USA,354.0,17,Yes,user_982@example.com
CUST-1431,2022-04-28,basic,245.54,52.0,USA,24.0,10,No,user_983@example.com
CUST-2947,2022-09-06,enterprise,87.94,47.0,USA,303.0,3,No,user_984@example.com
CUST-2416,2022-08-10,,363.2,71.0,Armenia,286.0,14,Yes,user_985@example.com
CUST-7818,2022-07-14,basic,261.2041955835962,19.0,,9.0,8,Yes,user_986@example.com
CUST-2801,2022-09-19,premium,108.24,74.0,,,8,No,user_987@example.com
CUST-4589,2023-01-21,basic,290.25,47.0,Armenia,115.0,12,No,user_988@example.com
CUST-8838,2023-03-28,basic,161.23,34.0,USA,233.0,9,No,user_989@example.com
CUST-7895,2023-01-26,basic,351.12,74.0,,314.0,12,Yes,user_990@example.com
CUST-5331,2023-04-11,basic,16.75,28.0,UK,279.0,2,No,
CUST-5702,2023-01-31,premium,115.43,49.0,UK,68.0,2,Yes,user_992@example.com
CUST-7043,2022-03-22,basic,339.8,27.0,USA,193.0,11,Yes,user_993@example.com
CUST-8407,2022-03-21,basic,422.34,36.0,UK,106.0,14,Yes,user_994@example.com
CUST-5920,2022-03-30,enterprise,17.2,46.0,USA,3.0,19,No,user_995@example.com
CUST-2648,2022-08-09,,216.37,60.0,Armenia,,9,No,user_996@example.com
CUST-1918,2023-03-06,basic,384.89,42.0,UK,134.0,16,Yes,user_997@example.com
CUST-2402,2023-03-03,basic,338.32,42.0,,272.0,1,Yes,user_998@example.com
CUST-6643,2022-11-26,,377.9,48.0,UK,119.0,13,Yes,user_999@example.com
CUST-3457,2023-03-09,basic,124.83,75.0,,31.0,18,No,user_0@example.com
CUST-8231,2022-10-04,,392.49,39.0,Armenia,131.0,20,No,user_1@example.com
CUST-3280,2022-03-20,enterprise,434.66,50.0,,283.0,5,Yes,user_2@example.com
CUST-3913,2022-10-06,enterprise,260.14132492113566,56.0,UK,114.0,0,Yes,user_3@example.com
CUST-1779,2023-04-13,basic,336.65,34.0,USA,227.0,1,No,user_4@example.com
CUST-9092,2023-01-05,premium,405.18,50.0,Armenia,182.0,1,No,
CUST-4227,2022-12-10,basic,242.76,22.0,,35.0,12,Yes,user_6@example.com
CUST-9054,2022-04-17,enterprise,282.0,42.0,Armenia,293.0,5,Yes,user_7@example.com
CUST-6786,2022-05-18,,22.03,46.0,USA,185.0,5,Yes,user_8@example.com
CUST-8686,2022-10-30,enterprise,304.41,59.0,UK,38.0,1,No,user_9@example.com
CUST-2352,2022-09-27,,426.92,47.0,UK,17.0,3,No,user_10@example.com
CUST-8235,2022-06-06,enterprise,274.32,21.0,USA,47.0,16,No,user_11@example.com
CUST-4220,2022-11-23,,498.23,68.0,UK,,4,No,user_12@example.com
CUST-5274,2022-04-24,enterprise,80.35,53.0,USA,,15,Yes,user_13@example.com
CUST-2884,2022-10-30,,199.79,28.0,UK,199.0,1,Yes,user_14@example.com
CUST-5076,2022-10-31,enterprise,103.91,67.0,USA,,3,No,user_15@example.com
CUST-5132,2023-04-26,enterprise,354.6,45.0,UK,108.0,3,Yes,user_16@example.com
CUST-8543,2023-05-09,enterprise,261.14,75.0,UK,,6,No,user_17@example.com
CUST-7578,2022-08-04,premium,400.11,72.0,,303.0,13,No,
CUST-9334,2022-09-11,basic,261.2041955835962,39.0,UK,39.0,19,No,
CUST-8261,2022-01-12,basic,123.09,56.0,,177.0,11,Yes,user_20@example.com
CUST-9067,2022-04-09,enterprise,299.3,72.0,Armenia,7.0,6,Yes,user_21@example.com
CUST-7009,2023-01-29,enterprise,430.24,19.0,Armenia,272.0,6,Yes,user_22@example.com
CUST-2040,2023-01-20,,305.6,59.0,Armenia,148.0,3,Yes,user_23@example.com
CUST-9663,2022-03-09,basic,331.31,36.0,Armenia,219.0,3,Yes,user_25@example.com
CUST-5522,2022-03-21,basic,181.17,50.0,,86.0,14,Yes,user_26@example.com
CUST-4283,2022-11-09,basic,406.95,47.0,Armenia,43.0,8,No,user_27@example.com
CUST-5308,2022-12-12,basic,205.36,55.0,Armenia,73.0,12,Yes,
CUST-8208,2022-01-16,,100.97,31.0,UK,,12,No,user_29@example.com
CUST-3959,2022-08-10,basic,52.32,48.0,USA,57.0,17,No,user_30@example.com
CUST-9742,2022-07-16,,414.39,33.0,USA,54.0,3,Yes,user_31@example.com
CUST-5038,2022-01-18,basic,260.69,37.0,Armenia,329.0,16,No,user_32@example.com
CUST-4646,2022-03-24,basic,355.96,29.0,USA,256.0,14,No,user_33@example.com
CUST-1965,2022-05-14,basic,296.65,47.0,,206.0,5,Yes,user_34@example.com
CUST-9295,2022-08-09,basic,259.81,30.0,USA,334.0,8,No,user_35@example.com
CUST-6531,2022-12-19,basic,463.01,25.0,UK,272.0,1,No,user_36@example.com
CUST-3835,2022-08-25,basic,288.28,52.0,USA,,19,No,user_37@example.com
CUST-8051,2022-06-28,premium,170.97,47.0,USA,331.0,17,Yes,user_38@example.com
CUST-1429,2023-02-19,enterprise,419.87,61.0,UK,135.0,0,Yes,user_39@example.com
CUST-7244,2022-09-16,enterprise,95.16,24.0,UK,95.0,15,Yes,user_40@example.com
CUST-8599,2022-04-14,premium,250.15,18.0,UK,167.0,20,Yes,user_41@example.com
CUST-1437,2023-04-15,enterprise,418.44,52.0,Armenia,126.0,11,No,
CUST-7888,2023-03-17,enterprise,396.7,69.0,USA,,7,Yes,user_43@example.com
CUST-6675,2023-02-22,,163.23,46.0,,,2,No,user_44@example.com
CUST-6620,2022-06-08,enterprise,65.14,23.0,USA,332.0,1,Yes,user_45@example.com
CUST-1612,2023-05-11,enterprise,373.76,66.0,,261.0,6,Yes,user_46@example.com
CUST-6586,2022-10-09,enterprise,145.7,51.0,,136.0,16,Yes,user_47@example.com
CUST-1334,2022-04-09,enterprise,260.14132492113566,75.0,UK,281.0,20,Yes,user_48@example.com
CUST-9399,2023-04-02,premium,246.89,57.0,Armenia,292.0,5,Yes,user_49@example.com
